file,line,type,commit,author,date,time,timezone,datetime,depth,length
style.css,1,css,59c889b7,smssyquia,2026-04-07,11:11:09,-07:00,2026-04-07T11:11:09-07:00,0,4
style.css,2,css,59c889b7,smssyquia,2026-04-07,11:11:09,-07:00,2026-04-07T11:11:09-07:00,1,32
style.css,3,css,04b33599,smssyquia,2026-04-15,13:00:06,-07:00,2026-04-15T13:00:06-07:00,1,39
style.css,4,css,04b33599,smssyquia,2026-04-15,13:00:06,-07:00,2026-04-15T13:00:06-07:00,1,72
style.css,5,css,04b33599,smssyquia,2026-04-15,13:00:06,-07:00,2026-04-15T13:00:06-07:00,1,60
style.css,6,css,59c889b7,smssyquia,2026-04-07,11:11:09,-07:00,2026-04-07T11:11:09-07:00,1,32
style.css,7,css,04b33599,smssyquia,2026-04-15,13:00:06,-07:00,2026-04-15T13:00:06-07:00,1,23
style.css,8,css,59c889b7,smssyquia,2026-04-07,11:11:09,-07:00,2026-04-07T11:11:09-07:00,0,0
style.css,9,css,59c889b7,smssyquia,2026-04-07,11:11:09,-07:00,2026-04-07T11:11:09-07:00,0,0
style.css,10,css,59c889b7,smssyquia,2026-04-07,11:11:09,-07:00,2026-04-07T11:11:09-07:00,0,0
style.css,11,css,59c889b7,smssyquia,2026-04-07,11:11:09,-07:00,2026-04-07T11:11:09-07:00,0,8
style.css,12,css,59c889b7,smssyquia,2026-04-07,11:11:09,-07:00,2026-04-07T11:11:09-07:00,0,8
style.css,13,css,59c889b7,smssyquia,2026-04-07,11:11:09,-07:00,2026-04-07T11:11:09-07:00,1,21
style.css,14,css,59c889b7,smssyquia,2026-04-07,11:11:09,-07:00,2026-04-07T11:11:09-07:00,0,0
style.css,15,css,59c889b7,smssyquia,2026-04-07,11:11:09,-07:00,2026-04-07T11:11:09-07:00,0,0
style.css,16,css,8531796c,smssyquia,2026-04-03,15:39:05,-07:00,2026-04-03T15:39:05-07:00,0,4
style.css,17,css,8531796c,smssyquia,2026-04-03,15:39:05,-07:00,2026-04-03T15:39:05-07:00,1,23
style.css,18,css,59c889b7,smssyquia,2026-04-07,11:11:09,-07:00,2026-04-07T11:11:09-07:00,1,15
style.css,19,css,59c889b7,smssyquia,2026-04-07,11:11:09,-07:00,2026-04-07T11:11:09-07:00,1,18
style.css,20,css,8531796c,smssyquia,2026-04-03,15:39:05,-07:00,2026-04-03T15:39:05-07:00,1,12
style.css,21,css,8531796c,smssyquia,2026-04-03,15:39:05,-07:00,2026-04-03T15:39:05-07:00,0,0
style.css,22,css,8531796c,smssyquia,2026-04-03,15:39:05,-07:00,2026-04-03T15:39:05-07:00,0,0
style.css,23,css,59c889b7,smssyquia,2026-04-07,11:11:09,-07:00,2026-04-07T11:11:09-07:00,0,1
style.css,24,css,59c889b7,smssyquia,2026-04-07,11:11:09,-07:00,2026-04-07T11:11:09-07:00,0,1
style.css,25,css,59c889b7,smssyquia,2026-04-07,11:11:09,-07:00,2026-04-07T11:11:09-07:00,0,1
style.css,26,css,59c889b7,smssyquia,2026-04-07,11:11:09,-07:00,2026-04-07T11:11:09-07:00,0,1
style.css,27,css,59c889b7,smssyquia,2026-04-07,11:11:09,-07:00,2026-04-07T11:11:09-07:00,0,1
style.css,28,css,59c889b7,smssyquia,2026-04-07,11:11:09,-07:00,2026-04-07T11:11:09-07:00,0,2
style.css,29,css,59c889b7,smssyquia,2026-04-07,11:11:09,-07:00,2026-04-07T11:11:09-07:00,1,15
style.css,30,css,59c889b7,smssyquia,2026-04-07,11:11:09,-07:00,2026-04-07T11:11:09-07:00,1,17
style.css,31,css,59c889b7,smssyquia,2026-04-07,11:11:09,-07:00,2026-04-07T11:11:09-07:00,0,0
style.css,32,css,59c889b7,smssyquia,2026-04-07,11:11:09,-07:00,2026-04-07T11:11:09-07:00,0,0
style.css,33,css,59c889b7,smssyquia,2026-04-07,11:11:09,-07:00,2026-04-07T11:11:09-07:00,0,2
style.css,34,css,59c889b7,smssyquia,2026-04-07,11:11:09,-07:00,2026-04-07T11:11:09-07:00,1,35
style.css,35,css,59c889b7,smssyquia,2026-04-07,11:11:09,-07:00,2026-04-07T11:11:09-07:00,1,20
style.css,36,css,59c889b7,smssyquia,2026-04-07,11:11:09,-07:00,2026-04-07T11:11:09-07:00,0,0
style.css,37,css,59c889b7,smssyquia,2026-04-07,11:11:09,-07:00,2026-04-07T11:11:09-07:00,0,0
style.css,38,css,0d32c58f,smssyquia,2026-04-22,20:36:26,-07:00,2026-04-22T20:36:26-07:00,0,15
style.css,39,css,0d32c58f,smssyquia,2026-04-22,20:36:26,-07:00,2026-04-22T20:36:26-07:00,1,16
style.css,40,css,0d32c58f,smssyquia,2026-04-22,20:36:26,-07:00,2026-04-22T20:36:26-07:00,1,15
style.css,41,css,0d32c58f,smssyquia,2026-04-22,20:36:26,-07:00,2026-04-22T20:36:26-07:00,1,23
style.css,42,css,0d32c58f,smssyquia,2026-04-22,20:36:26,-07:00,2026-04-22T20:36:26-07:00,0,0
style.css,43,css,0d32c58f,smssyquia,2026-04-22,20:36:26,-07:00,2026-04-22T20:36:26-07:00,0,0
style.css,44,css,8531796c,smssyquia,2026-04-03,15:39:05,-07:00,2026-04-03T15:39:05-07:00,0,3
style.css,45,css,59c889b7,smssyquia,2026-04-07,11:11:09,-07:00,2026-04-07T11:11:09-07:00,1,12
style.css,46,css,59c889b7,smssyquia,2026-04-07,11:11:09,-07:00,2026-04-07T11:11:09-07:00,1,14
style.css,47,css,04b33599,smssyquia,2026-04-15,13:00:06,-07:00,2026-04-15T13:00:06-07:00,1,18
style.css,48,css,59c889b7,smssyquia,2026-04-07,11:11:09,-07:00,2026-04-07T11:11:09-07:00,1,20
style.css,49,css,04b33599,smssyquia,2026-04-15,13:00:06,-07:00,2026-04-15T13:00:06-07:00,1,43
style.css,50,css,59c889b7,smssyquia,2026-04-07,11:11:09,-07:00,2026-04-07T11:11:09-07:00,0,0
style.css,51,css,59c889b7,smssyquia,2026-04-07,11:11:09,-07:00,2026-04-07T11:11:09-07:00,0,0
style.css,52,css,59c889b7,smssyquia,2026-04-07,11:11:09,-07:00,2026-04-07T11:11:09-07:00,0,5
style.css,53,css,59c889b7,smssyquia,2026-04-07,11:11:09,-07:00,2026-04-07T11:11:09-07:00,0,6
style.css,54,css,59c889b7,smssyquia,2026-04-07,11:11:09,-07:00,2026-04-07T11:11:09-07:00,1,16
style.css,55,css,8531796c,smssyquia,2026-04-03,15:39:05,-07:00,2026-04-03T15:39:05-07:00,0,0
style.css,56,css,8531796c,smssyquia,2026-04-03,15:39:05,-07:00,2026-04-03T15:39:05-07:00,0,0
style.css,57,css,8531796c,smssyquia,2026-04-03,15:39:05,-07:00,2026-04-03T15:39:05-07:00,0,5
style.css,58,css,59c889b7,smssyquia,2026-04-07,11:11:09,-07:00,2026-04-07T11:11:09-07:00,1,13
style.css,59,css,59c889b7,smssyquia,2026-04-07,11:11:09,-07:00,2026-04-07T11:11:09-07:00,1,11
style.css,60,css,59c889b7,smssyquia,2026-04-07,11:11:09,-07:00,2026-04-07T11:11:09-07:00,1,20
style.css,61,css,59c889b7,smssyquia,2026-04-07,11:11:09,-07:00,2026-04-07T11:11:09-07:00,1,13
style.css,62,css,59c889b7,smssyquia,2026-04-07,11:11:09,-07:00,2026-04-07T11:11:09-07:00,1,17
style.css,63,css,59c889b7,smssyquia,2026-04-07,11:11:09,-07:00,2026-04-07T11:11:09-07:00,1,13
style.css,64,css,59c889b7,smssyquia,2026-04-07,11:11:09,-07:00,2026-04-07T11:11:09-07:00,1,37
style.css,65,css,59c889b7,smssyquia,2026-04-07,11:11:09,-07:00,2026-04-07T11:11:09-07:00,0,0
style.css,66,css,59c889b7,smssyquia,2026-04-07,11:11:09,-07:00,2026-04-07T11:11:09-07:00,0,0
style.css,67,css,59c889b7,smssyquia,2026-04-07,11:11:09,-07:00,2026-04-07T11:11:09-07:00,0,10
style.css,68,css,59c889b7,smssyquia,2026-04-07,11:11:09,-07:00,2026-04-07T11:11:09-07:00,0,19
style.css,69,css,59c889b7,smssyquia,2026-04-07,11:11:09,-07:00,2026-04-07T11:11:09-07:00,1,39
style.css,70,css,04b33599,smssyquia,2026-04-15,13:00:06,-07:00,2026-04-15T13:00:06-07:00,1,69
style.css,71,css,59c889b7,smssyquia,2026-04-07,11:11:09,-07:00,2026-04-07T11:11:09-07:00,0,0
style.css,72,css,59c889b7,smssyquia,2026-04-07,11:11:09,-07:00,2026-04-07T11:11:09-07:00,0,0
style.css,73,css,59c889b7,smssyquia,2026-04-07,11:11:09,-07:00,2026-04-07T11:11:09-07:00,0,13
style.css,74,css,04b33599,smssyquia,2026-04-15,13:00:06,-07:00,2026-04-15T13:00:06-07:00,1,39
style.css,75,css,59c889b7,smssyquia,2026-04-07,11:11:09,-07:00,2026-04-07T11:11:09-07:00,1,20
style.css,76,css,8531796c,smssyquia,2026-04-03,15:39:05,-07:00,2026-04-03T15:39:05-07:00,0,0
style.css,77,css,8531796c,smssyquia,2026-04-03,15:39:05,-07:00,2026-04-03T15:39:05-07:00,0,0
style.css,78,css,8531796c,smssyquia,2026-04-03,15:39:05,-07:00,2026-04-03T15:39:05-07:00,0,3
style.css,79,css,59c889b7,smssyquia,2026-04-07,11:11:09,-07:00,2026-04-07T11:11:09-07:00,1,14
style.css,80,css,8531796c,smssyquia,2026-04-03,15:39:05,-07:00,2026-04-03T15:39:05-07:00,1,11
style.css,81,css,8531796c,smssyquia,2026-04-03,15:39:05,-07:00,2026-04-03T15:39:05-07:00,0,0
style.css,82,css,8531796c,smssyquia,2026-04-03,15:39:05,-07:00,2026-04-03T15:39:05-07:00,0,0
style.css,83,css,8547aaea,smssyquia,2026-04-07,21:50:11,-07:00,2026-04-07T21:50:11-07:00,0,14
style.css,84,css,8547aaea,smssyquia,2026-04-07,21:50:11,-07:00,2026-04-07T21:50:11-07:00,1,13
style.css,85,css,8547aaea,smssyquia,2026-04-07,21:50:11,-07:00,2026-04-07T21:50:11-07:00,1,22
style.css,86,css,8547aaea,smssyquia,2026-04-07,21:50:11,-07:00,2026-04-07T21:50:11-07:00,1,20
style.css,87,css,8547aaea,smssyquia,2026-04-07,21:50:11,-07:00,2026-04-07T21:50:11-07:00,1,20
style.css,88,css,59c889b7,smssyquia,2026-04-07,11:11:09,-07:00,2026-04-07T11:11:09-07:00,0,0
style.css,89,css,59c889b7,smssyquia,2026-04-07,11:11:09,-07:00,2026-04-07T11:11:09-07:00,0,0
style.css,90,css,0d32c58f,smssyquia,2026-04-22,20:36:26,-07:00,2026-04-22T20:36:26-07:00,0,13
style.css,91,css,0d32c58f,smssyquia,2026-04-22,20:36:26,-07:00,2026-04-22T20:36:26-07:00,1,15
style.css,92,css,0d32c58f,smssyquia,2026-04-22,20:36:26,-07:00,2026-04-22T20:36:26-07:00,0,0
style.css,93,css,0d32c58f,smssyquia,2026-04-22,20:36:26,-07:00,2026-04-22T20:36:26-07:00,0,0
style.css,94,css,0d32c58f,smssyquia,2026-04-22,20:36:26,-07:00,2026-04-22T20:36:26-07:00,0,16
style.css,95,css,0d32c58f,smssyquia,2026-04-22,20:36:26,-07:00,2026-04-22T20:36:26-07:00,1,20
style.css,96,css,0d32c58f,smssyquia,2026-04-22,20:36:26,-07:00,2026-04-22T20:36:26-07:00,0,0
style.css,97,css,0d32c58f,smssyquia,2026-04-22,20:36:26,-07:00,2026-04-22T20:36:26-07:00,0,0
style.css,98,css,04b33599,smssyquia,2026-04-15,13:00:06,-07:00,2026-04-15T13:00:06-07:00,0,13
style.css,99,css,04b33599,smssyquia,2026-04-15,13:00:06,-07:00,2026-04-15T13:00:06-07:00,1,17
style.css,100,css,04b33599,smssyquia,2026-04-15,13:00:06,-07:00,2026-04-15T13:00:06-07:00,1,8
style.css,101,css,04b33599,smssyquia,2026-04-15,13:00:06,-07:00,2026-04-15T13:00:06-07:00,1,10
style.css,102,css,04b33599,smssyquia,2026-04-15,13:00:06,-07:00,2026-04-15T13:00:06-07:00,1,12
style.css,103,css,04b33599,smssyquia,2026-04-15,13:00:06,-07:00,2026-04-15T13:00:06-07:00,1,18
style.css,104,css,04b33599,smssyquia,2026-04-15,13:00:06,-07:00,2026-04-15T13:00:06-07:00,1,10
style.css,105,css,04b33599,smssyquia,2026-04-15,13:00:06,-07:00,2026-04-15T13:00:06-07:00,1,13
style.css,106,css,04b33599,smssyquia,2026-04-15,13:00:06,-07:00,2026-04-15T13:00:06-07:00,1,19
style.css,107,css,04b33599,smssyquia,2026-04-15,13:00:06,-07:00,2026-04-15T13:00:06-07:00,0,0
style.css,108,css,04b33599,smssyquia,2026-04-15,13:00:06,-07:00,2026-04-15T13:00:06-07:00,0,0
style.css,109,css,8531796c,smssyquia,2026-04-03,15:39:05,-07:00,2026-04-03T15:39:05-07:00,0,4
style.css,110,css,59c889b7,smssyquia,2026-04-07,11:11:09,-07:00,2026-04-07T11:11:09-07:00,1,12
style.css,111,css,59c889b7,smssyquia,2026-04-07,11:11:09,-07:00,2026-04-07T11:11:09-07:00,1,30
style.css,112,css,59c889b7,smssyquia,2026-04-07,11:11:09,-07:00,2026-04-07T11:11:09-07:00,1,7
style.css,113,css,59c889b7,smssyquia,2026-04-07,11:11:09,-07:00,2026-04-07T11:11:09-07:00,1,15
style.css,114,css,8531796c,smssyquia,2026-04-03,15:39:05,-07:00,2026-04-03T15:39:05-07:00,0,0
style.css,115,css,8531796c,smssyquia,2026-04-03,15:39:05,-07:00,2026-04-03T15:39:05-07:00,0,0
style.css,116,css,04b33599,smssyquia,2026-04-15,13:00:06,-07:00,2026-04-15T13:00:06-07:00,0,10
style.css,117,css,59c889b7,smssyquia,2026-04-07,11:11:09,-07:00,2026-04-07T11:11:09-07:00,1,12
style.css,118,css,59c889b7,smssyquia,2026-04-07,11:11:09,-07:00,2026-04-07T11:11:09-07:00,1,18
style.css,119,css,59c889b7,smssyquia,2026-04-07,11:11:09,-07:00,2026-04-07T11:11:09-07:00,1,29
style.css,120,css,59c889b7,smssyquia,2026-04-07,11:11:09,-07:00,2026-04-07T11:11:09-07:00,1,17
style.css,121,css,59c889b7,smssyquia,2026-04-07,11:11:09,-07:00,2026-04-07T11:11:09-07:00,1,10
style.css,122,css,8531796c,smssyquia,2026-04-03,15:39:05,-07:00,2026-04-03T15:39:05-07:00,0,0
style.css,123,css,8531796c,smssyquia,2026-04-03,15:39:05,-07:00,2026-04-03T15:39:05-07:00,0,0
style.css,124,css,8531796c,smssyquia,2026-04-03,15:39:05,-07:00,2026-04-03T15:39:05-07:00,0,4
style.css,125,css,8531796c,smssyquia,2026-04-03,15:39:05,-07:00,2026-04-03T15:39:05-07:00,0,7
style.css,126,css,04b33599,smssyquia,2026-04-15,13:00:06,-07:00,2026-04-15T13:00:06-07:00,0,5
style.css,127,css,04b33599,smssyquia,2026-04-15,13:00:06,-07:00,2026-04-15T13:00:06-07:00,0,6
style.css,128,css,8531796c,smssyquia,2026-04-03,15:39:05,-07:00,2026-04-03T15:39:05-07:00,1,12
style.css,129,css,8531796c,smssyquia,2026-04-03,15:39:05,-07:00,2026-04-03T15:39:05-07:00,0,0
style.css,130,css,8531796c,smssyquia,2026-04-03,15:39:05,-07:00,2026-04-03T15:39:05-07:00,0,0
style.css,131,css,8531796c,smssyquia,2026-04-03,15:39:05,-07:00,2026-04-03T15:39:05-07:00,0,4
style.css,132,css,8531796c,smssyquia,2026-04-03,15:39:05,-07:00,2026-04-03T15:39:05-07:00,0,8
style.css,133,css,8531796c,smssyquia,2026-04-03,15:39:05,-07:00,2026-04-03T15:39:05-07:00,1,10
style.css,134,css,59c889b7,smssyquia,2026-04-07,11:11:09,-07:00,2026-04-07T11:11:09-07:00,1,21
style.css,135,css,04b33599,smssyquia,2026-04-15,13:00:06,-07:00,2026-04-15T13:00:06-07:00,1,36
style.css,136,css,59c889b7,smssyquia,2026-04-07,11:11:09,-07:00,2026-04-07T11:11:09-07:00,1,21
style.css,137,css,59c889b7,smssyquia,2026-04-07,11:11:09,-07:00,2026-04-07T11:11:09-07:00,0,0
style.css,138,css,59c889b7,smssyquia,2026-04-07,11:11:09,-07:00,2026-04-07T11:11:09-07:00,0,0
style.css,139,css,04b33599,smssyquia,2026-04-15,13:00:06,-07:00,2026-04-15T13:00:06-07:00,0,17
style.css,140,css,04b33599,smssyquia,2026-04-15,13:00:06,-07:00,2026-04-15T13:00:06-07:00,0,21
style.css,141,css,59c889b7,smssyquia,2026-04-07,11:11:09,-07:00,2026-04-07T11:11:09-07:00,1,13
style.css,142,css,59c889b7,smssyquia,2026-04-07,11:11:09,-07:00,2026-04-07T11:11:09-07:00,0,0
style.css,143,css,59c889b7,smssyquia,2026-04-07,11:11:09,-07:00,2026-04-07T11:11:09-07:00,0,0
style.css,144,css,59c889b7,smssyquia,2026-04-07,11:11:09,-07:00,2026-04-07T11:11:09-07:00,0,11
style.css,145,css,59c889b7,smssyquia,2026-04-07,11:11:09,-07:00,2026-04-07T11:11:09-07:00,1,13
style.css,146,css,59c889b7,smssyquia,2026-04-07,11:11:09,-07:00,2026-04-07T11:11:09-07:00,1,18
style.css,147,css,59c889b7,smssyquia,2026-04-07,11:11:09,-07:00,2026-04-07T11:11:09-07:00,1,17
style.css,148,css,04b33599,smssyquia,2026-04-15,13:00:06,-07:00,2026-04-15T13:00:06-07:00,1,36
style.css,149,css,59c889b7,smssyquia,2026-04-07,11:11:09,-07:00,2026-04-07T11:11:09-07:00,1,21
style.css,150,css,04b33599,smssyquia,2026-04-15,13:00:06,-07:00,2026-04-15T13:00:06-07:00,1,17
style.css,151,css,59c889b7,smssyquia,2026-04-07,11:11:09,-07:00,2026-04-07T11:11:09-07:00,0,0
style.css,152,css,59c889b7,smssyquia,2026-04-07,11:11:09,-07:00,2026-04-07T11:11:09-07:00,0,0
style.css,153,css,59c889b7,smssyquia,2026-04-07,11:11:09,-07:00,2026-04-07T11:11:09-07:00,0,46
style.css,154,css,04b33599,smssyquia,2026-04-15,13:00:06,-07:00,2026-04-15T13:00:06-07:00,1,10
style.css,155,css,59c889b7,smssyquia,2026-04-07,11:11:09,-07:00,2026-04-07T11:11:09-07:00,2,30
style.css,156,css,59c889b7,smssyquia,2026-04-07,11:11:09,-07:00,2026-04-07T11:11:09-07:00,1,0
style.css,157,css,59c889b7,smssyquia,2026-04-07,11:11:09,-07:00,2026-04-07T11:11:09-07:00,0,0
style.css,158,css,59c889b7,smssyquia,2026-04-07,11:11:09,-07:00,2026-04-07T11:11:09-07:00,0,0
style.css,159,css,59c889b7,smssyquia,2026-04-07,11:11:09,-07:00,2026-04-07T11:11:09-07:00,0,9
style.css,160,css,59c889b7,smssyquia,2026-04-07,11:11:09,-07:00,2026-04-07T11:11:09-07:00,1,12
style.css,161,css,59c889b7,smssyquia,2026-04-07,11:11:09,-07:00,2026-04-07T11:11:09-07:00,1,58
style.css,162,css,59c889b7,smssyquia,2026-04-07,11:11:09,-07:00,2026-04-07T11:11:09-07:00,1,28
style.css,163,css,59c889b7,smssyquia,2026-04-07,11:11:09,-07:00,2026-04-07T11:11:09-07:00,1,7
style.css,164,css,59c889b7,smssyquia,2026-04-07,11:11:09,-07:00,2026-04-07T11:11:09-07:00,0,0
style.css,165,css,59c889b7,smssyquia,2026-04-07,11:11:09,-07:00,2026-04-07T11:11:09-07:00,0,0
style.css,166,css,59c889b7,smssyquia,2026-04-07,11:11:09,-07:00,2026-04-07T11:11:09-07:00,0,17
style.css,167,css,59c889b7,smssyquia,2026-04-07,11:11:09,-07:00,2026-04-07T11:11:09-07:00,1,12
style.css,168,css,59c889b7,smssyquia,2026-04-07,11:11:09,-07:00,2026-04-07T11:11:09-07:00,1,26
style.css,169,css,59c889b7,smssyquia,2026-04-07,11:11:09,-07:00,2026-04-07T11:11:09-07:00,1,15
style.css,170,css,59c889b7,smssyquia,2026-04-07,11:11:09,-07:00,2026-04-07T11:11:09-07:00,1,9
style.css,171,css,59c889b7,smssyquia,2026-04-07,11:11:09,-07:00,2026-04-07T11:11:09-07:00,1,14
style.css,172,css,04b33599,smssyquia,2026-04-15,13:00:06,-07:00,2026-04-15T13:00:06-07:00,1,36
style.css,173,css,59c889b7,smssyquia,2026-04-07,11:11:09,-07:00,2026-04-07T11:11:09-07:00,1,20
style.css,174,css,04b33599,smssyquia,2026-04-15,13:00:06,-07:00,2026-04-15T13:00:06-07:00,1,37
style.css,175,css,59c889b7,smssyquia,2026-04-07,11:11:09,-07:00,2026-04-07T11:11:09-07:00,0,0
style.css,176,css,59c889b7,smssyquia,2026-04-07,11:11:09,-07:00,2026-04-07T11:11:09-07:00,0,0
style.css,177,css,59c889b7,smssyquia,2026-04-07,11:11:09,-07:00,2026-04-07T11:11:09-07:00,0,43
style.css,178,css,59c889b7,smssyquia,2026-04-07,11:11:09,-07:00,2026-04-07T11:11:09-07:00,1,17
style.css,179,css,59c889b7,smssyquia,2026-04-07,11:11:09,-07:00,2026-04-07T11:11:09-07:00,2,32
style.css,180,css,59c889b7,smssyquia,2026-04-07,11:11:09,-07:00,2026-04-07T11:11:09-07:00,1,0
style.css,181,css,59c889b7,smssyquia,2026-04-07,11:11:09,-07:00,2026-04-07T11:11:09-07:00,0,0
style.css,182,css,59c889b7,smssyquia,2026-04-07,11:11:09,-07:00,2026-04-07T11:11:09-07:00,0,0
style.css,183,css,0d32c58f,smssyquia,2026-04-22,20:36:26,-07:00,2026-04-22T20:36:26-07:00,0,37
style.css,184,css,59c889b7,smssyquia,2026-04-07,11:11:09,-07:00,2026-04-07T11:11:09-07:00,1,8
style.css,185,css,59c889b7,smssyquia,2026-04-07,11:11:09,-07:00,2026-04-07T11:11:09-07:00,1,16
style.css,186,css,59c889b7,smssyquia,2026-04-07,11:11:09,-07:00,2026-04-07T11:11:09-07:00,0,0
style.css,187,css,59c889b7,smssyquia,2026-04-07,11:11:09,-07:00,2026-04-07T11:11:09-07:00,0,0
style.css,188,css,59c889b7,smssyquia,2026-04-07,11:11:09,-07:00,2026-04-07T11:11:09-07:00,0,13
style.css,189,css,59c889b7,smssyquia,2026-04-07,11:11:09,-07:00,2026-04-07T11:11:09-07:00,1,10
style.css,190,css,59c889b7,smssyquia,2026-04-07,11:11:09,-07:00,2026-04-07T11:11:09-07:00,1,19
style.css,191,css,59c889b7,smssyquia,2026-04-07,11:11:09,-07:00,2026-04-07T11:11:09-07:00,1,16
style.css,192,css,59c889b7,smssyquia,2026-04-07,11:11:09,-07:00,2026-04-07T11:11:09-07:00,1,21
style.css,193,css,59c889b7,smssyquia,2026-04-07,11:11:09,-07:00,2026-04-07T11:11:09-07:00,1,34
style.css,194,css,59c889b7,smssyquia,2026-04-07,11:11:09,-07:00,2026-04-07T11:11:09-07:00,0,0
style.css,195,css,59c889b7,smssyquia,2026-04-07,11:11:09,-07:00,2026-04-07T11:11:09-07:00,0,0
style.css,196,css,59c889b7,smssyquia,2026-04-07,11:11:09,-07:00,2026-04-07T11:11:09-07:00,0,11
style.css,197,css,59c889b7,smssyquia,2026-04-07,11:11:09,-07:00,2026-04-07T11:11:09-07:00,1,8
style.css,198,css,04b33599,smssyquia,2026-04-15,13:00:06,-07:00,2026-04-15T13:00:06-07:00,1,23
style.css,199,css,59c889b7,smssyquia,2026-04-07,11:11:09,-07:00,2026-04-07T11:11:09-07:00,0,0
style.css,200,css,59c889b7,smssyquia,2026-04-07,11:11:09,-07:00,2026-04-07T11:11:09-07:00,0,0
style.css,201,css,d80b10e2,smssyquia,2026-04-30,17:48:17,-07:00,2026-04-30T17:48:17-07:00,0,16
style.css,202,css,d80b10e2,smssyquia,2026-04-30,17:48:17,-07:00,2026-04-30T17:48:17-07:00,1,12
style.css,203,css,d80b10e2,smssyquia,2026-04-30,17:48:17,-07:00,2026-04-30T17:48:17-07:00,1,11
style.css,204,css,d80b10e2,smssyquia,2026-04-30,17:48:17,-07:00,2026-04-30T17:48:17-07:00,0,0
style.css,205,css,d80b10e2,smssyquia,2026-04-30,17:48:17,-07:00,2026-04-30T17:48:17-07:00,0,0
style.css,206,css,d80b10e2,smssyquia,2026-04-30,17:48:17,-07:00,2026-04-30T17:48:17-07:00,0,13
style.css,207,css,d80b10e2,smssyquia,2026-04-30,17:48:17,-07:00,2026-04-30T17:48:17-07:00,1,39
style.css,208,css,d80b10e2,smssyquia,2026-04-30,17:48:17,-07:00,2026-04-30T17:48:17-07:00,1,34
style.css,209,css,d80b10e2,smssyquia,2026-04-30,17:48:17,-07:00,2026-04-30T17:48:17-07:00,1,60
style.css,210,css,d80b10e2,smssyquia,2026-04-30,17:48:17,-07:00,2026-04-30T17:48:17-07:00,0,0
style.css,211,css,d80b10e2,smssyquia,2026-04-30,17:48:17,-07:00,2026-04-30T17:48:17-07:00,0,0
style.css,212,css,d80b10e2,smssyquia,2026-04-30,17:48:17,-07:00,2026-04-30T17:48:17-07:00,0,23
style.css,213,css,d80b10e2,smssyquia,2026-04-30,17:48:17,-07:00,2026-04-30T17:48:17-07:00,1,25
style.css,214,css,d80b10e2,smssyquia,2026-04-30,17:48:17,-07:00,2026-04-30T17:48:17-07:00,0,0
style.css,215,css,d80b10e2,smssyquia,2026-04-30,17:48:17,-07:00,2026-04-30T17:48:17-07:00,0,0
style.css,216,css,d80b10e2,smssyquia,2026-04-30,17:48:17,-07:00,2026-04-30T17:48:17-07:00,0,16
style.css,217,css,d80b10e2,smssyquia,2026-04-30,17:48:17,-07:00,2026-04-30T17:48:17-07:00,1,12
style.css,218,css,d80b10e2,smssyquia,2026-04-30,17:48:17,-07:00,2026-04-30T17:48:17-07:00,1,18
style.css,219,css,d80b10e2,smssyquia,2026-04-30,17:48:17,-07:00,2026-04-30T17:48:17-07:00,1,11
style.css,220,css,d80b10e2,smssyquia,2026-04-30,17:48:17,-07:00,2026-04-30T17:48:17-07:00,0,0
style.css,221,css,d80b10e2,smssyquia,2026-04-30,17:48:17,-07:00,2026-04-30T17:48:17-07:00,0,0
style.css,222,css,d80b10e2,smssyquia,2026-04-30,17:48:17,-07:00,2026-04-30T17:48:17-07:00,0,18
style.css,223,css,d80b10e2,smssyquia,2026-04-30,17:48:17,-07:00,2026-04-30T17:48:17-07:00,1,24
style.css,224,css,d80b10e2,smssyquia,2026-04-30,17:48:17,-07:00,2026-04-30T17:48:17-07:00,1,14
style.css,225,css,d80b10e2,smssyquia,2026-04-30,17:48:17,-07:00,2026-04-30T17:48:17-07:00,1,16
style.css,226,css,d80b10e2,smssyquia,2026-04-30,17:48:17,-07:00,2026-04-30T17:48:17-07:00,1,16
style.css,227,css,d80b10e2,smssyquia,2026-04-30,17:48:17,-07:00,2026-04-30T17:48:17-07:00,0,0
style.css,228,css,d80b10e2,smssyquia,2026-04-30,17:48:17,-07:00,2026-04-30T17:48:17-07:00,0,0
style.css,229,css,d80b10e2,smssyquia,2026-04-30,17:48:17,-07:00,2026-04-30T17:48:17-07:00,0,23
style.css,230,css,d80b10e2,smssyquia,2026-04-30,17:48:17,-07:00,2026-04-30T17:48:17-07:00,1,14
style.css,231,css,d80b10e2,smssyquia,2026-04-30,17:48:17,-07:00,2026-04-30T17:48:17-07:00,1,36
style.css,232,css,d80b10e2,smssyquia,2026-04-30,17:48:17,-07:00,2026-04-30T17:48:17-07:00,0,0
style.css,233,css,d80b10e2,smssyquia,2026-04-30,17:48:17,-07:00,2026-04-30T17:48:17-07:00,0,0
style.css,234,css,d80b10e2,smssyquia,2026-04-30,17:48:17,-07:00,2026-04-30T17:48:17-07:00,0,51
style.css,235,css,d80b10e2,smssyquia,2026-04-30,17:48:17,-07:00,2026-04-30T17:48:17-07:00,1,11
style.css,236,css,d80b10e2,smssyquia,2026-04-30,17:48:17,-07:00,2026-04-30T17:48:17-07:00,0,0
style.css,237,css,d80b10e2,smssyquia,2026-04-30,17:48:17,-07:00,2026-04-30T17:48:17-07:00,0,0
style.css,238,css,d80b10e2,smssyquia,2026-04-30,17:48:17,-07:00,2026-04-30T17:48:17-07:00,0,7
style.css,239,css,d80b10e2,smssyquia,2026-04-30,17:48:17,-07:00,2026-04-30T17:48:17-07:00,1,6
style.css,240,css,d80b10e2,smssyquia,2026-04-30,17:48:17,-07:00,2026-04-30T17:48:17-07:00,1,12
style.css,241,css,d80b10e2,smssyquia,2026-04-30,17:48:17,-07:00,2026-04-30T17:48:17-07:00,1,57
style.css,242,css,d80b10e2,smssyquia,2026-04-30,17:48:17,-07:00,2026-04-30T17:48:17-07:00,1,15
style.css,243,css,d80b10e2,smssyquia,2026-04-30,17:48:17,-07:00,2026-04-30T17:48:17-07:00,1,8
style.css,244,css,d80b10e2,smssyquia,2026-04-30,17:48:17,-07:00,2026-04-30T17:48:17-07:00,1,15
style.css,245,css,d80b10e2,smssyquia,2026-04-30,17:48:17,-07:00,2026-04-30T17:48:17-07:00,1,36
style.css,246,css,d80b10e2,smssyquia,2026-04-30,17:48:17,-07:00,2026-04-30T17:48:17-07:00,1,20
style.css,247,css,d80b10e2,smssyquia,2026-04-30,17:48:17,-07:00,2026-04-30T17:48:17-07:00,1,15
style.css,248,css,d80b10e2,smssyquia,2026-04-30,17:48:17,-07:00,2026-04-30T17:48:17-07:00,1,37
style.css,249,css,d80b10e2,smssyquia,2026-04-30,17:48:17,-07:00,2026-04-30T17:48:17-07:00,0,0
style.css,250,css,d80b10e2,smssyquia,2026-04-30,17:48:17,-07:00,2026-04-30T17:48:17-07:00,0,0
style.css,251,css,d80b10e2,smssyquia,2026-04-30,17:48:17,-07:00,2026-04-30T17:48:17-07:00,0,12
style.css,252,css,d80b10e2,smssyquia,2026-04-30,17:48:17,-07:00,2026-04-30T17:48:17-07:00,1,12
style.css,253,css,d80b10e2,smssyquia,2026-04-30,17:48:17,-07:00,2026-04-30T17:48:17-07:00,1,18
style.css,254,css,d80b10e2,smssyquia,2026-04-30,17:48:17,-07:00,2026-04-30T17:48:17-07:00,1,11
style.css,255,css,d80b10e2,smssyquia,2026-04-30,17:48:17,-07:00,2026-04-30T17:48:17-07:00,1,14
style.css,256,css,d80b10e2,smssyquia,2026-04-30,17:48:17,-07:00,2026-04-30T17:48:17-07:00,0,0
style.css,257,css,d80b10e2,smssyquia,2026-04-30,17:48:17,-07:00,2026-04-30T17:48:17-07:00,0,0
style.css,258,css,d80b10e2,smssyquia,2026-04-30,17:48:17,-07:00,2026-04-30T17:48:17-07:00,0,15
style.css,259,css,d80b10e2,smssyquia,2026-04-30,17:48:17,-07:00,2026-04-30T17:48:17-07:00,1,23
style.css,260,css,d80b10e2,smssyquia,2026-04-30,17:48:17,-07:00,2026-04-30T17:48:17-07:00,0,0
style.css,261,css,d80b10e2,smssyquia,2026-04-30,17:48:17,-07:00,2026-04-30T17:48:17-07:00,0,0
style.css,262,css,d80b10e2,smssyquia,2026-04-30,17:48:17,-07:00,2026-04-30T17:48:17-07:00,0,7
style.css,263,css,d80b10e2,smssyquia,2026-04-30,17:48:17,-07:00,2026-04-30T17:48:17-07:00,1,20
style.css,264,css,d80b10e2,smssyquia,2026-04-30,17:48:17,-07:00,2026-04-30T17:48:17-07:00,1,9
style.css,265,css,d80b10e2,smssyquia,2026-04-30,17:48:17,-07:00,2026-04-30T17:48:17-07:00,1,14
style.css,266,css,d80b10e2,smssyquia,2026-04-30,17:48:17,-07:00,2026-04-30T17:48:17-07:00,1,20
style.css,267,css,d80b10e2,smssyquia,2026-04-30,17:48:17,-07:00,2026-04-30T17:48:17-07:00,1,23
style.css,268,css,d80b10e2,smssyquia,2026-04-30,17:48:17,-07:00,2026-04-30T17:48:17-07:00,1,66
style.css,269,css,d80b10e2,smssyquia,2026-04-30,17:48:17,-07:00,2026-04-30T17:48:17-07:00,0,0
style.css,270,css,d80b10e2,smssyquia,2026-04-30,17:48:17,-07:00,2026-04-30T17:48:17-07:00,0,0
style.css,271,css,d80b10e2,smssyquia,2026-04-30,17:48:17,-07:00,2026-04-30T17:48:17-07:00,0,9
style.css,272,css,d80b10e2,smssyquia,2026-04-30,17:48:17,-07:00,2026-04-30T17:48:17-07:00,1,35
style.css,273,css,d80b10e2,smssyquia,2026-04-30,17:48:17,-07:00,2026-04-30T17:48:17-07:00,0,0
style.css,274,css,d80b10e2,smssyquia,2026-04-30,17:48:17,-07:00,2026-04-30T17:48:17-07:00,0,0
style.css,275,css,d80b10e2,smssyquia,2026-04-30,17:48:17,-07:00,2026-04-30T17:48:17-07:00,0,18
style.css,276,css,d80b10e2,smssyquia,2026-04-30,17:48:17,-07:00,2026-04-30T17:48:17-07:00,1,17
style.css,277,css,d80b10e2,smssyquia,2026-04-30,17:48:17,-07:00,2026-04-30T17:48:17-07:00,0,0
style.css,278,css,d80b10e2,smssyquia,2026-04-30,17:48:17,-07:00,2026-04-30T17:48:17-07:00,0,0
style.css,279,css,d80b10e2,smssyquia,2026-04-30,17:48:17,-07:00,2026-04-30T17:48:17-07:00,0,17
style.css,280,css,d80b10e2,smssyquia,2026-04-30,17:48:17,-07:00,2026-04-30T17:48:17-07:00,1,23
style.css,281,css,d80b10e2,smssyquia,2026-04-30,17:48:17,-07:00,2026-04-30T17:48:17-07:00,0,0
style.css,282,css,d80b10e2,smssyquia,2026-04-30,17:48:17,-07:00,2026-04-30T17:48:17-07:00,0,0
style.css,283,css,d80b10e2,smssyquia,2026-04-30,17:48:17,-07:00,2026-04-30T17:48:17-07:00,0,10
style.css,284,css,d80b10e2,smssyquia,2026-04-30,17:48:17,-07:00,2026-04-30T17:48:17-07:00,1,19
style.css,285,css,d80b10e2,smssyquia,2026-04-30,17:48:17,-07:00,2026-04-30T17:48:17-07:00,0,0
style.css,286,css,d80b10e2,smssyquia,2026-04-30,17:48:17,-07:00,2026-04-30T17:48:17-07:00,0,0
style.css,287,css,0d32c58f,smssyquia,2026-04-22,20:36:26,-07:00,2026-04-22T20:36:26-07:00,0,17
style.css,288,css,0d32c58f,smssyquia,2026-04-22,20:36:26,-07:00,2026-04-22T20:36:26-07:00,1,12
style.css,289,css,0d32c58f,smssyquia,2026-04-22,20:36:26,-07:00,2026-04-22T20:36:26-07:00,1,30
style.css,290,css,0d32c58f,smssyquia,2026-04-22,20:36:26,-07:00,2026-04-22T20:36:26-07:00,1,16
style.css,291,css,0d32c58f,smssyquia,2026-04-22,20:36:26,-07:00,2026-04-22T20:36:26-07:00,1,15
style.css,292,css,0d32c58f,smssyquia,2026-04-22,20:36:26,-07:00,2026-04-22T20:36:26-07:00,1,8
style.css,293,css,0d32c58f,smssyquia,2026-04-22,20:36:26,-07:00,2026-04-22T20:36:26-07:00,1,15
style.css,294,css,0d32c58f,smssyquia,2026-04-22,20:36:26,-07:00,2026-04-22T20:36:26-07:00,1,36
style.css,295,css,0d32c58f,smssyquia,2026-04-22,20:36:26,-07:00,2026-04-22T20:36:26-07:00,1,20
style.css,296,css,0d32c58f,smssyquia,2026-04-22,20:36:26,-07:00,2026-04-22T20:36:26-07:00,1,37
style.css,297,css,0d32c58f,smssyquia,2026-04-22,20:36:26,-07:00,2026-04-22T20:36:26-07:00,0,0
style.css,298,css,0d32c58f,smssyquia,2026-04-22,20:36:26,-07:00,2026-04-22T20:36:26-07:00,0,0
style.css,299,css,0d32c58f,smssyquia,2026-04-22,20:36:26,-07:00,2026-04-22T20:36:26-07:00,0,17
style.css,300,css,0d32c58f,smssyquia,2026-04-22,20:36:26,-07:00,2026-04-22T20:36:26-07:00,1,8
style.css,301,css,0d32c58f,smssyquia,2026-04-22,20:36:26,-07:00,2026-04-22T20:36:26-07:00,1,15
style.css,302,css,0d32c58f,smssyquia,2026-04-22,20:36:26,-07:00,2026-04-22T20:36:26-07:00,0,0
style.css,303,css,0d32c58f,smssyquia,2026-04-22,20:36:26,-07:00,2026-04-22T20:36:26-07:00,0,0
style.css,304,css,0d32c58f,smssyquia,2026-04-22,20:36:26,-07:00,2026-04-22T20:36:26-07:00,0,17
style.css,305,css,0d32c58f,smssyquia,2026-04-22,20:36:26,-07:00,2026-04-22T20:36:26-07:00,1,8
style.css,306,css,0d32c58f,smssyquia,2026-04-22,20:36:26,-07:00,2026-04-22T20:36:26-07:00,1,23
style.css,307,css,0d32c58f,smssyquia,2026-04-22,20:36:26,-07:00,2026-04-22T20:36:26-07:00,0,0
style.css,308,css,0d32c58f,smssyquia,2026-04-22,20:36:26,-07:00,2026-04-22T20:36:26-07:00,0,0
style.css,309,css,59c889b7,smssyquia,2026-04-07,11:11:09,-07:00,2026-04-07T11:11:09-07:00,0,20
style.css,310,css,59c889b7,smssyquia,2026-04-07,11:11:09,-07:00,2026-04-07T11:11:09-07:00,1,20
style.css,311,css,59c889b7,smssyquia,2026-04-07,11:11:09,-07:00,2026-04-07T11:11:09-07:00,0,0
style.css,312,css,59c889b7,smssyquia,2026-04-07,11:11:09,-07:00,2026-04-07T11:11:09-07:00,0,0
style.css,313,css,59c889b7,smssyquia,2026-04-07,11:11:09,-07:00,2026-04-07T11:11:09-07:00,0,15
style.css,314,css,59c889b7,smssyquia,2026-04-07,11:11:09,-07:00,2026-04-07T11:11:09-07:00,1,20
style.css,315,css,59c889b7,smssyquia,2026-04-07,11:11:09,-07:00,2026-04-07T11:11:09-07:00,1,16
style.css,316,css,59c889b7,smssyquia,2026-04-07,11:11:09,-07:00,2026-04-07T11:11:09-07:00,0,0
style.css,317,css,59c889b7,smssyquia,2026-04-07,11:11:09,-07:00,2026-04-07T11:11:09-07:00,0,0
style.css,318,css,59c889b7,smssyquia,2026-04-07,11:11:09,-07:00,2026-04-07T11:11:09-07:00,0,20
style.css,319,css,59c889b7,smssyquia,2026-04-07,11:11:09,-07:00,2026-04-07T11:11:09-07:00,1,17
style.css,320,css,59c889b7,smssyquia,2026-04-07,11:11:09,-07:00,2026-04-07T11:11:09-07:00,1,19
style.css,321,css,59c889b7,smssyquia,2026-04-07,11:11:09,-07:00,2026-04-07T11:11:09-07:00,1,39
style.css,322,css,59c889b7,smssyquia,2026-04-07,11:11:09,-07:00,2026-04-07T11:11:09-07:00,0,0
style.css,323,css,59c889b7,smssyquia,2026-04-07,11:11:09,-07:00,2026-04-07T11:11:09-07:00,0,0
style.css,324,css,59c889b7,smssyquia,2026-04-07,11:11:09,-07:00,2026-04-07T11:11:09-07:00,0,23
style.css,325,css,59c889b7,smssyquia,2026-04-07,11:11:09,-07:00,2026-04-07T11:11:09-07:00,1,20
style.css,326,css,59c889b7,smssyquia,2026-04-07,11:11:09,-07:00,2026-04-07T11:11:09-07:00,0,0
style.css,327,css,59c889b7,smssyquia,2026-04-07,11:11:09,-07:00,2026-04-07T11:11:09-07:00,0,0
style.css,328,css,59c889b7,smssyquia,2026-04-07,11:11:09,-07:00,2026-04-07T11:11:09-07:00,0,29
style.css,329,css,59c889b7,smssyquia,2026-04-07,11:11:09,-07:00,2026-04-07T11:11:09-07:00,1,17
style.css,330,css,04b33599,smssyquia,2026-04-15,13:00:06,-07:00,2026-04-15T13:00:06-07:00,1,23
style.css,331,css,59c889b7,smssyquia,2026-04-07,11:11:09,-07:00,2026-04-07T11:11:09-07:00,0,0
style.css,332,css,59c889b7,smssyquia,2026-04-07,11:11:09,-07:00,2026-04-07T11:11:09-07:00,0,0
style.css,333,css,59c889b7,smssyquia,2026-04-07,11:11:09,-07:00,2026-04-07T11:11:09-07:00,0,15
style.css,334,css,59c889b7,smssyquia,2026-04-07,11:11:09,-07:00,2026-04-07T11:11:09-07:00,1,18
style.css,335,css,59c889b7,smssyquia,2026-04-07,11:11:09,-07:00,2026-04-07T11:11:09-07:00,1,20
style.css,336,css,59c889b7,smssyquia,2026-04-07,11:11:09,-07:00,2026-04-07T11:11:09-07:00,0,0
style.css,337,css,59c889b7,smssyquia,2026-04-07,11:11:09,-07:00,2026-04-07T11:11:09-07:00,0,0
style.css,338,css,59c889b7,smssyquia,2026-04-07,11:11:09,-07:00,2026-04-07T11:11:09-07:00,0,20
style.css,339,css,59c889b7,smssyquia,2026-04-07,11:11:09,-07:00,2026-04-07T11:11:09-07:00,1,18
style.css,340,css,59c889b7,smssyquia,2026-04-07,11:11:09,-07:00,2026-04-07T11:11:09-07:00,0,0
style.css,341,css,59c889b7,smssyquia,2026-04-07,11:11:09,-07:00,2026-04-07T11:11:09-07:00,0,0
style.css,342,css,59c889b7,smssyquia,2026-04-07,11:11:09,-07:00,2026-04-07T11:11:09-07:00,0,25
style.css,343,css,d80b10e2,smssyquia,2026-04-30,17:48:17,-07:00,2026-04-30T17:48:17-07:00,1,16
style.css,344,css,d80b10e2,smssyquia,2026-04-30,17:48:17,-07:00,2026-04-30T17:48:17-07:00,2,19
style.css,345,css,d80b10e2,smssyquia,2026-04-30,17:48:17,-07:00,2026-04-30T17:48:17-07:00,2,21
style.css,346,css,d80b10e2,smssyquia,2026-04-30,17:48:17,-07:00,2026-04-30T17:48:17-07:00,1,0
style.css,347,css,d80b10e2,smssyquia,2026-04-30,17:48:17,-07:00,2026-04-30T17:48:17-07:00,0,0
style.css,348,css,d80b10e2,smssyquia,2026-04-30,17:48:17,-07:00,2026-04-30T17:48:17-07:00,1,18
style.css,349,css,d80b10e2,smssyquia,2026-04-30,17:48:17,-07:00,2026-04-30T17:48:17-07:00,2,15
style.css,350,css,d80b10e2,smssyquia,2026-04-30,17:48:17,-07:00,2026-04-30T17:48:17-07:00,2,21
style.css,351,css,d80b10e2,smssyquia,2026-04-30,17:48:17,-07:00,2026-04-30T17:48:17-07:00,2,17
style.css,352,css,d80b10e2,smssyquia,2026-04-30,17:48:17,-07:00,2026-04-30T17:48:17-07:00,1,0
style.css,353,css,d80b10e2,smssyquia,2026-04-30,17:48:17,-07:00,2026-04-30T17:48:17-07:00,0,0
style.css,354,css,59c889b7,smssyquia,2026-04-07,11:11:09,-07:00,2026-04-07T11:11:09-07:00,1,4
style.css,355,css,59c889b7,smssyquia,2026-04-07,11:11:09,-07:00,2026-04-07T11:11:09-07:00,2,25
style.css,356,css,59c889b7,smssyquia,2026-04-07,11:11:09,-07:00,2026-04-07T11:11:09-07:00,1,0
style.css,357,css,59c889b7,smssyquia,2026-04-07,11:11:09,-07:00,2026-04-07T11:11:09-07:00,0,0
style.css,358,css,04b33599,smssyquia,2026-04-15,13:00:06,-07:00,2026-04-15T13:00:06-07:00,1,10
style.css,359,css,59c889b7,smssyquia,2026-04-07,11:11:09,-07:00,2026-04-07T11:11:09-07:00,2,25
style.css,360,css,59c889b7,smssyquia,2026-04-07,11:11:09,-07:00,2026-04-07T11:11:09-07:00,2,9
style.css,361,css,59c889b7,smssyquia,2026-04-07,11:11:09,-07:00,2026-04-07T11:11:09-07:00,1,0
style.css,362,css,59c889b7,smssyquia,2026-04-07,11:11:09,-07:00,2026-04-07T11:11:09-07:00,0,0
style.css,363,css,04b33599,smssyquia,2026-04-15,13:00:06,-07:00,2026-04-15T13:00:06-07:00,1,17
style.css,364,css,04b33599,smssyquia,2026-04-15,13:00:06,-07:00,2026-04-15T13:00:06-07:00,1,20
style.css,365,css,59c889b7,smssyquia,2026-04-07,11:11:09,-07:00,2026-04-07T11:11:09-07:00,1,11
style.css,366,css,59c889b7,smssyquia,2026-04-07,11:11:09,-07:00,2026-04-07T11:11:09-07:00,2,13
style.css,367,css,59c889b7,smssyquia,2026-04-07,11:11:09,-07:00,2026-04-07T11:11:09-07:00,1,0
style.css,368,css,8531796c,smssyquia,2026-04-03,15:39:05,-07:00,2026-04-03T15:39:05-07:00,0,0
index.js,1,js,0d32c58f,smssyquia,2026-04-22,20:36:26,-07:00,2026-04-22T20:36:26-07:00,0,71
index.js,2,js,0d32c58f,smssyquia,2026-04-22,20:36:26,-07:00,2026-04-22T20:36:26-07:00,0,0
index.js,3,js,0d32c58f,smssyquia,2026-04-22,20:36:26,-07:00,2026-04-22T20:36:26-07:00,0,3
index.js,4,js,0d32c58f,smssyquia,2026-04-22,20:36:26,-07:00,2026-04-22T20:36:26-07:00,1,54
index.js,5,js,0d32c58f,smssyquia,2026-04-22,20:36:26,-07:00,2026-04-22T20:36:26-07:00,1,42
index.js,6,js,0d32c58f,smssyquia,2026-04-22,20:36:26,-07:00,2026-04-22T20:36:26-07:00,1,60
index.js,7,js,0d32c58f,smssyquia,2026-04-22,20:36:26,-07:00,2026-04-22T20:36:26-07:00,1,54
index.js,8,js,0d32c58f,smssyquia,2026-04-22,20:36:26,-07:00,2026-04-22T20:36:26-07:00,0,15
index.js,9,js,0d32c58f,smssyquia,2026-04-22,20:36:26,-07:00,2026-04-22T20:36:26-07:00,1,54
index.js,10,js,0d32c58f,smssyquia,2026-04-22,20:36:26,-07:00,2026-04-22T20:36:26-07:00,0,0
index.js,11,js,0d32c58f,smssyquia,2026-04-22,20:36:26,-07:00,2026-04-22T20:36:26-07:00,0,0
index.js,12,js,0d32c58f,smssyquia,2026-04-22,20:36:26,-07:00,2026-04-22T20:36:26-07:00,0,3
index.js,13,js,0d32c58f,smssyquia,2026-04-22,20:36:26,-07:00,2026-04-22T20:36:26-07:00,1,50
index.js,14,js,0d32c58f,smssyquia,2026-04-22,20:36:26,-07:00,2026-04-22T20:36:26-07:00,1,60
index.js,15,js,0d32c58f,smssyquia,2026-04-22,20:36:26,-07:00,2026-04-22T20:36:26-07:00,0,0
index.js,16,js,0d32c58f,smssyquia,2026-04-22,20:36:26,-07:00,2026-04-22T20:36:26-07:00,1,17
index.js,17,js,0d32c58f,smssyquia,2026-04-22,20:36:26,-07:00,2026-04-22T20:36:26-07:00,2,24
index.js,18,js,0d32c58f,smssyquia,2026-04-22,20:36:26,-07:00,2026-04-22T20:36:26-07:00,3,2
index.js,19,js,0d32c58f,smssyquia,2026-04-22,20:36:26,-07:00,2026-04-22T20:36:26-07:00,4,54
index.js,20,js,0d32c58f,smssyquia,2026-04-22,20:36:26,-07:00,2026-04-22T20:36:26-07:00,4,54
index.js,21,js,0d32c58f,smssyquia,2026-04-22,20:36:26,-07:00,2026-04-22T20:36:26-07:00,4,48
index.js,22,js,0d32c58f,smssyquia,2026-04-22,20:36:26,-07:00,2026-04-22T20:36:26-07:00,4,48
index.js,23,js,0d32c58f,smssyquia,2026-04-22,20:36:26,-07:00,2026-04-22T20:36:26-07:00,3,3
index.js,24,js,0d32c58f,smssyquia,2026-04-22,20:36:26,-07:00,2026-04-22T20:36:26-07:00,2,0
index.js,25,js,0d32c58f,smssyquia,2026-04-22,20:36:26,-07:00,2026-04-22T20:36:26-07:00,1,0
index.js,26,js,0d32c58f,smssyquia,2026-04-22,20:36:26,-07:00,2026-04-22T20:36:26-07:00,0,15
index.js,27,js,0d32c58f,smssyquia,2026-04-22,20:36:26,-07:00,2026-04-22T20:36:26-07:00,1,59
index.js,28,js,0d32c58f,smssyquia,2026-04-22,20:36:26,-07:00,2026-04-22T20:36:26-07:00,0,0
index.html,1,html,5208360,smssyquia,2026-04-03,14:48:42,-07:00,2026-04-03T14:48:42-07:00,0,13
index.html,2,html,5208360,smssyquia,2026-04-03,14:48:42,-07:00,2026-04-03T14:48:42-07:00,0,14
index.html,3,html,5208360,smssyquia,2026-04-03,14:48:42,-07:00,2026-04-03T14:48:42-07:00,0,4
index.html,4,html,5208360,smssyquia,2026-04-03,14:48:42,-07:00,2026-04-03T14:48:42-07:00,1,22
index.html,5,html,0e4fb81e,smssyquia,2026-04-03,14:49:55,-07:00,2026-04-03T14:49:55-07:00,1,70
index.html,6,html,5208360,smssyquia,2026-04-03,14:48:42,-07:00,2026-04-03T14:48:42-07:00,1,55
index.html,7,html,8531796c,smssyquia,2026-04-03,15:39:05,-07:00,2026-04-03T15:39:05-07:00,1,40
index.html,8,html,04b33599,smssyquia,2026-04-15,13:00:06,-07:00,2026-04-15T13:00:06-07:00,1,45
index.html,9,html,0d32c58f,smssyquia,2026-04-22,20:36:26,-07:00,2026-04-22T20:36:26-07:00,1,50
index.html,10,html,5208360,smssyquia,2026-04-03,14:48:42,-07:00,2026-04-03T14:48:42-07:00,0,5
index.html,11,html,5208360,smssyquia,2026-04-03,14:48:42,-07:00,2026-04-03T14:48:42-07:00,0,4
index.html,12,html,8531796c,smssyquia,2026-04-03,15:39:05,-07:00,2026-04-03T15:39:05-07:00,1,4
index.html,13,html,8531796c,smssyquia,2026-04-03,15:39:05,-07:00,2026-04-03T15:39:05-07:00,2,20
index.html,14,html,8547aaea,smssyquia,2026-04-07,21:50:11,-07:00,2026-04-07T21:50:11-07:00,2,89
index.html,15,html,8547aaea,smssyquia,2026-04-07,21:50:11,-07:00,2026-04-07T21:50:11-07:00,0,0
index.html,16,html,8531796c,smssyquia,2026-04-03,15:39:05,-07:00,2026-04-03T15:39:05-07:00,2,1
index.html,17,html,8531796c,smssyquia,2026-04-03,15:39:05,-07:00,2026-04-03T15:39:05-07:00,3,70
index.html,18,html,8531796c,smssyquia,2026-04-03,15:39:05,-07:00,2026-04-03T15:39:05-07:00,3,6
index.html,19,html,8531796c,smssyquia,2026-04-03,15:39:05,-07:00,2026-04-03T15:39:05-07:00,2,2
index.html,20,html,8531796c,smssyquia,2026-04-03,15:39:05,-07:00,2026-04-03T15:39:05-07:00,2,1
index.html,21,html,8531796c,smssyquia,2026-04-03,15:39:05,-07:00,2026-04-03T15:39:05-07:00,3,66
index.html,22,html,8531796c,smssyquia,2026-04-03,15:39:05,-07:00,2026-04-03T15:39:05-07:00,3,32
index.html,23,html,8531796c,smssyquia,2026-04-03,15:39:05,-07:00,2026-04-03T15:39:05-07:00,2,2
index.html,24,html,8531796c,smssyquia,2026-04-03,15:39:05,-07:00,2026-04-03T15:39:05-07:00,2,1
index.html,25,html,8531796c,smssyquia,2026-04-03,15:39:05,-07:00,2026-04-03T15:39:05-07:00,3,71
index.html,26,html,8531796c,smssyquia,2026-04-03,15:39:05,-07:00,2026-04-03T15:39:05-07:00,3,67
index.html,27,html,8531796c,smssyquia,2026-04-03,15:39:05,-07:00,2026-04-03T15:39:05-07:00,2,2
index.html,28,html,8531796c,smssyquia,2026-04-03,15:39:05,-07:00,2026-04-03T15:39:05-07:00,2,1
index.html,29,html,8531796c,smssyquia,2026-04-03,15:39:05,-07:00,2026-04-03T15:39:05-07:00,3,67
index.html,30,html,8531796c,smssyquia,2026-04-03,15:39:05,-07:00,2026-04-03T15:39:05-07:00,3,16
index.html,31,html,8531796c,smssyquia,2026-04-03,15:39:05,-07:00,2026-04-03T15:39:05-07:00,2,2
index.html,32,html,0d32c58f,smssyquia,2026-04-22,20:36:26,-07:00,2026-04-22T20:36:26-07:00,0,0
index.html,33,html,0d32c58f,smssyquia,2026-04-22,20:36:26,-07:00,2026-04-22T20:36:26-07:00,2,28
index.html,34,html,0d32c58f,smssyquia,2026-04-22,20:36:26,-07:00,2026-04-22T20:36:26-07:00,3,22
index.html,35,html,0d32c58f,smssyquia,2026-04-22,20:36:26,-07:00,2026-04-22T20:36:26-07:00,3,26
index.html,36,html,0d32c58f,smssyquia,2026-04-22,20:36:26,-07:00,2026-04-22T20:36:26-07:00,2,8
index.html,37,html,0d32c58f,smssyquia,2026-04-22,20:36:26,-07:00,2026-04-22T20:36:26-07:00,0,0
index.html,38,html,0d32c58f,smssyquia,2026-04-22,20:36:26,-07:00,2026-04-22T20:36:26-07:00,2,28
index.html,39,html,0d32c58f,smssyquia,2026-04-22,20:36:26,-07:00,2026-04-22T20:36:26-07:00,3,27
index.html,40,html,0d32c58f,smssyquia,2026-04-22,20:36:26,-07:00,2026-04-22T20:36:26-07:00,3,28
index.html,41,html,0d32c58f,smssyquia,2026-04-22,20:36:26,-07:00,2026-04-22T20:36:26-07:00,2,8
index.html,42,html,8531796c,smssyquia,2026-04-03,15:39:05,-07:00,2026-04-03T15:39:05-07:00,1,5
index.html,43,html,5208360,smssyquia,2026-04-03,14:48:42,-07:00,2026-04-03T14:48:42-07:00,0,5
index.html,44,html,8531796c,smssyquia,2026-04-03,15:39:05,-07:00,2026-04-03T15:39:05-07:00,0,5
global.js,1,js,04b33599,smssyquia,2026-04-15,13:00:06,-07:00,2026-04-15T13:00:06-07:00,0,25
global.js,2,js,04b33599,smssyquia,2026-04-15,13:00:06,-07:00,2026-04-15T13:00:06-07:00,0,0
global.js,3,js,04b33599,smssyquia,2026-04-15,13:00:06,-07:00,2026-04-15T13:00:06-07:00,0,41
global.js,4,js,04b33599,smssyquia,2026-04-15,13:00:06,-07:00,2026-04-15T13:00:06-07:00,1,52
global.js,5,js,04b33599,smssyquia,2026-04-15,13:00:06,-07:00,2026-04-15T13:00:06-07:00,0,0
global.js,6,js,04b33599,smssyquia,2026-04-15,13:00:06,-07:00,2026-04-15T13:00:06-07:00,0,0
global.js,7,js,04b33599,smssyquia,2026-04-15,13:00:06,-07:00,2026-04-15T13:00:06-07:00,0,32
global.js,8,js,04b33599,smssyquia,2026-04-15,13:00:06,-07:00,2026-04-15T13:00:06-07:00,1,62
global.js,9,js,04b33599,smssyquia,2026-04-15,13:00:06,-07:00,2026-04-15T13:00:06-07:00,0,0
global.js,10,js,04b33599,smssyquia,2026-04-15,13:00:06,-07:00,2026-04-15T13:00:06-07:00,0,0
global.js,11,js,04b33599,smssyquia,2026-04-15,13:00:06,-07:00,2026-04-15T13:00:06-07:00,0,13
global.js,12,js,04b33599,smssyquia,2026-04-15,13:00:06,-07:00,2026-04-15T13:00:06-07:00,1,25
global.js,13,js,04b33599,smssyquia,2026-04-15,13:00:06,-07:00,2026-04-15T13:00:06-07:00,1,38
global.js,14,js,04b33599,smssyquia,2026-04-15,13:00:06,-07:00,2026-04-15T13:00:06-07:00,1,36
global.js,15,js,04b33599,smssyquia,2026-04-15,13:00:06,-07:00,2026-04-15T13:00:06-07:00,1,34
global.js,16,js,04b33599,smssyquia,2026-04-15,13:00:06,-07:00,2026-04-15T13:00:06-07:00,1,53
global.js,17,js,04b33599,smssyquia,2026-04-15,13:00:06,-07:00,2026-04-15T13:00:06-07:00,0,0
global.js,18,js,04b33599,smssyquia,2026-04-15,13:00:06,-07:00,2026-04-15T13:00:06-07:00,0,0
global.js,19,js,04b33599,smssyquia,2026-04-15,13:00:06,-07:00,2026-04-15T13:00:06-07:00,0,55
global.js,20,js,04b33599,smssyquia,2026-04-15,13:00:06,-07:00,2026-04-15T13:00:06-07:00,0,0
global.js,21,js,04b33599,smssyquia,2026-04-15,13:00:06,-07:00,2026-04-15T13:00:06-07:00,0,38
global.js,22,js,04b33599,smssyquia,2026-04-15,13:00:06,-07:00,2026-04-15T13:00:06-07:00,0,25
global.js,23,js,04b33599,smssyquia,2026-04-15,13:00:06,-07:00,2026-04-15T13:00:06-07:00,0,0
global.js,24,js,04b33599,smssyquia,2026-04-15,13:00:06,-07:00,2026-04-15T13:00:06-07:00,0,20
global.js,25,js,04b33599,smssyquia,2026-04-15,13:00:06,-07:00,2026-04-15T13:00:06-07:00,1,14
global.js,26,js,04b33599,smssyquia,2026-04-15,13:00:06,-07:00,2026-04-15T13:00:06-07:00,1,18
global.js,27,js,04b33599,smssyquia,2026-04-15,13:00:06,-07:00,2026-04-15T13:00:06-07:00,0,0
global.js,28,js,04b33599,smssyquia,2026-04-15,13:00:06,-07:00,2026-04-15T13:00:06-07:00,1,52
global.js,29,js,04b33599,smssyquia,2026-04-15,13:00:06,-07:00,2026-04-15T13:00:06-07:00,0,0
global.js,30,js,04b33599,smssyquia,2026-04-15,13:00:06,-07:00,2026-04-15T13:00:06-07:00,1,34
global.js,31,js,04b33599,smssyquia,2026-04-15,13:00:06,-07:00,2026-04-15T13:00:06-07:00,1,11
global.js,32,js,04b33599,smssyquia,2026-04-15,13:00:06,-07:00,2026-04-15T13:00:06-07:00,1,20
global.js,33,js,04b33599,smssyquia,2026-04-15,13:00:06,-07:00,2026-04-15T13:00:06-07:00,0,0
global.js,34,js,04b33599,smssyquia,2026-04-15,13:00:06,-07:00,2026-04-15T13:00:06-07:00,1,17
global.js,35,js,04b33599,smssyquia,2026-04-15,13:00:06,-07:00,2026-04-15T13:00:06-07:00,2,8
global.js,36,js,04b33599,smssyquia,2026-04-15,13:00:06,-07:00,2026-04-15T13:00:06-07:00,2,25
global.js,37,js,04b33599,smssyquia,2026-04-15,13:00:06,-07:00,2026-04-15T13:00:06-07:00,3,61
global.js,38,js,04b33599,smssyquia,2026-04-15,13:00:06,-07:00,2026-04-15T13:00:06-07:00,1,0
global.js,39,js,04b33599,smssyquia,2026-04-15,13:00:06,-07:00,2026-04-15T13:00:06-07:00,0,0
global.js,40,js,04b33599,smssyquia,2026-04-15,13:00:06,-07:00,2026-04-15T13:00:06-07:00,1,40
global.js,41,js,04b33599,smssyquia,2026-04-15,13:00:06,-07:00,2026-04-15T13:00:06-07:00,1,38
global.js,42,js,04b33599,smssyquia,2026-04-15,13:00:06,-07:00,2026-04-15T13:00:06-07:00,0,0
global.js,43,js,04b33599,smssyquia,2026-04-15,13:00:06,-07:00,2026-04-15T13:00:06-07:00,1,15
global.js,44,js,04b33599,smssyquia,2026-04-15,13:00:06,-07:00,2026-04-15T13:00:06-07:00,2,18
global.js,45,js,04b33599,smssyquia,2026-04-15,13:00:06,-07:00,2026-04-15T13:00:06-07:00,2,28
global.js,46,js,04b33599,smssyquia,2026-04-15,13:00:06,-07:00,2026-04-15T13:00:06-07:00,1,0
global.js,47,js,04b33599,smssyquia,2026-04-15,13:00:06,-07:00,2026-04-15T13:00:06-07:00,0,0
global.js,48,js,04b33599,smssyquia,2026-04-15,13:00:06,-07:00,2026-04-15T13:00:06-07:00,1,12
global.js,49,js,04b33599,smssyquia,2026-04-15,13:00:06,-07:00,2026-04-15T13:00:06-07:00,0,0
global.js,50,js,04b33599,smssyquia,2026-04-15,13:00:06,-07:00,2026-04-15T13:00:06-07:00,0,0
global.js,51,js,04b33599,smssyquia,2026-04-15,13:00:06,-07:00,2026-04-15T13:00:06-07:00,0,31
global.js,52,js,04b33599,smssyquia,2026-04-15,13:00:06,-07:00,2026-04-15T13:00:06-07:00,1,11
global.js,53,js,04b33599,smssyquia,2026-04-15,13:00:06,-07:00,2026-04-15T13:00:06-07:00,1,0
global.js,54,js,04b33599,smssyquia,2026-04-15,13:00:06,-07:00,2026-04-15T13:00:06-07:00,2,26
global.js,55,js,04b33599,smssyquia,2026-04-15,13:00:06,-07:00,2026-04-15T13:00:06-07:00,3,4
global.js,56,js,04b33599,smssyquia,2026-04-15,13:00:06,-07:00,2026-04-15T13:00:06-07:00,3,6
global.js,57,js,04b33599,smssyquia,2026-04-15,13:00:06,-07:00,2026-04-15T13:00:06-07:00,4,43
global.js,58,js,04b33599,smssyquia,2026-04-15,13:00:06,-07:00,2026-04-15T13:00:06-07:00,4,34
global.js,59,js,04b33599,smssyquia,2026-04-15,13:00:06,-07:00,2026-04-15T13:00:06-07:00,4,32
global.js,60,js,04b33599,smssyquia,2026-04-15,13:00:06,-07:00,2026-04-15T13:00:06-07:00,3,7
global.js,61,js,04b33599,smssyquia,2026-04-15,13:00:06,-07:00,2026-04-15T13:00:06-07:00,2,6
global.js,62,js,04b33599,smssyquia,2026-04-15,13:00:06,-07:00,2026-04-15T13:00:06-07:00,1,0
global.js,63,js,04b33599,smssyquia,2026-04-15,13:00:06,-07:00,2026-04-15T13:00:06-07:00,0,0
global.js,64,js,04b33599,smssyquia,2026-04-15,13:00:06,-07:00,2026-04-15T13:00:06-07:00,0,0
global.js,65,js,04b33599,smssyquia,2026-04-15,13:00:06,-07:00,2026-04-15T13:00:06-07:00,0,60
global.js,66,js,04b33599,smssyquia,2026-04-15,13:00:06,-07:00,2026-04-15T13:00:06-07:00,0,69
global.js,67,js,04b33599,smssyquia,2026-04-15,13:00:06,-07:00,2026-04-15T13:00:06-07:00,0,0
global.js,68,js,04b33599,smssyquia,2026-04-15,13:00:06,-07:00,2026-04-15T13:00:06-07:00,0,36
global.js,69,js,04b33599,smssyquia,2026-04-15,13:00:06,-07:00,2026-04-15T13:00:06-07:00,1,70
global.js,70,js,04b33599,smssyquia,2026-04-15,13:00:06,-07:00,2026-04-15T13:00:06-07:00,1,25
global.js,71,js,04b33599,smssyquia,2026-04-15,13:00:06,-07:00,2026-04-15T13:00:06-07:00,0,0
global.js,72,js,04b33599,smssyquia,2026-04-15,13:00:06,-07:00,2026-04-15T13:00:06-07:00,0,0
global.js,73,js,04b33599,smssyquia,2026-04-15,13:00:06,-07:00,2026-04-15T13:00:06-07:00,0,2
global.js,74,js,04b33599,smssyquia,2026-04-15,13:00:06,-07:00,2026-04-15T13:00:06-07:00,1,30
global.js,75,js,04b33599,smssyquia,2026-04-15,13:00:06,-07:00,2026-04-15T13:00:06-07:00,1,49
global.js,76,js,04b33599,smssyquia,2026-04-15,13:00:06,-07:00,2026-04-15T13:00:06-07:00,0,1
global.js,77,js,04b33599,smssyquia,2026-04-15,13:00:06,-07:00,2026-04-15T13:00:06-07:00,1,39
global.js,78,js,04b33599,smssyquia,2026-04-15,13:00:06,-07:00,2026-04-15T13:00:06-07:00,0,0
global.js,79,js,04b33599,smssyquia,2026-04-15,13:00:06,-07:00,2026-04-15T13:00:06-07:00,0,0
global.js,80,js,04b33599,smssyquia,2026-04-15,13:00:06,-07:00,2026-04-15T13:00:06-07:00,0,43
global.js,81,js,04b33599,smssyquia,2026-04-15,13:00:06,-07:00,2026-04-15T13:00:06-07:00,1,35
global.js,82,js,04b33599,smssyquia,2026-04-15,13:00:06,-07:00,2026-04-15T13:00:06-07:00,1,26
global.js,83,js,04b33599,smssyquia,2026-04-15,13:00:06,-07:00,2026-04-15T13:00:06-07:00,1,37
global.js,84,js,04b33599,smssyquia,2026-04-15,13:00:06,-07:00,2026-04-15T13:00:06-07:00,0,1
global.js,85,js,04b33599,smssyquia,2026-04-15,13:00:06,-07:00,2026-04-15T13:00:06-07:00,0,0
global.js,86,js,04b33599,smssyquia,2026-04-15,13:00:06,-07:00,2026-04-15T13:00:06-07:00,0,61
global.js,87,js,04b33599,smssyquia,2026-04-15,13:00:06,-07:00,2026-04-15T13:00:06-07:00,0,0
global.js,88,js,04b33599,smssyquia,2026-04-15,13:00:06,-07:00,2026-04-15T13:00:06-07:00,0,43
global.js,89,js,04b33599,smssyquia,2026-04-15,13:00:06,-07:00,2026-04-15T13:00:06-07:00,1,21
global.js,90,js,04b33599,smssyquia,2026-04-15,13:00:06,-07:00,2026-04-15T13:00:06-07:00,0,0
global.js,91,js,04b33599,smssyquia,2026-04-15,13:00:06,-07:00,2026-04-15T13:00:06-07:00,1,28
global.js,92,js,04b33599,smssyquia,2026-04-15,13:00:06,-07:00,2026-04-15T13:00:06-07:00,1,14
global.js,93,js,04b33599,smssyquia,2026-04-15,13:00:06,-07:00,2026-04-15T13:00:06-07:00,0,0
global.js,94,js,04b33599,smssyquia,2026-04-15,13:00:06,-07:00,2026-04-15T13:00:06-07:00,1,31
global.js,95,js,04b33599,smssyquia,2026-04-15,13:00:06,-07:00,2026-04-15T13:00:06-07:00,2,41
global.js,96,js,04b33599,smssyquia,2026-04-15,13:00:06,-07:00,2026-04-15T13:00:06-07:00,2,43
global.js,97,js,04b33599,smssyquia,2026-04-15,13:00:06,-07:00,2026-04-15T13:00:06-07:00,2,44
global.js,98,js,04b33599,smssyquia,2026-04-15,13:00:06,-07:00,2026-04-15T13:00:06-07:00,1,0
global.js,99,js,04b33599,smssyquia,2026-04-15,13:00:06,-07:00,2026-04-15T13:00:06-07:00,0,0
global.js,100,js,04b33599,smssyquia,2026-04-15,13:00:06,-07:00,2026-04-15T13:00:06-07:00,1,27
global.js,101,js,04b33599,smssyquia,2026-04-15,13:00:06,-07:00,2026-04-15T13:00:06-07:00,1,40
global.js,102,js,04b33599,smssyquia,2026-04-15,13:00:06,-07:00,2026-04-15T13:00:06-07:00,0,1
global.js,103,js,0d32c58f,smssyquia,2026-04-22,20:36:26,-07:00,2026-04-22T20:36:26-07:00,0,0
global.js,104,js,0d32c58f,smssyquia,2026-04-22,20:36:26,-07:00,2026-04-22T20:36:26-07:00,0,36
global.js,105,js,0d32c58f,smssyquia,2026-04-22,20:36:26,-07:00,2026-04-22T20:36:26-07:00,1,3
global.js,106,js,0d32c58f,smssyquia,2026-04-22,20:36:26,-07:00,2026-04-22T20:36:26-07:00,2,32
global.js,107,js,0d32c58f,smssyquia,2026-04-22,20:36:26,-07:00,2026-04-22T20:36:26-07:00,0,0
global.js,108,js,0d32c58f,smssyquia,2026-04-22,20:36:26,-07:00,2026-04-22T20:36:26-07:00,2,17
global.js,109,js,0d32c58f,smssyquia,2026-04-22,20:36:26,-07:00,2026-04-22T20:36:26-07:00,3,14
global.js,110,js,0d32c58f,smssyquia,2026-04-22,20:36:26,-07:00,2026-04-22T20:36:26-07:00,4,76
global.js,111,js,0d32c58f,smssyquia,2026-04-22,20:36:26,-07:00,2026-04-22T20:36:26-07:00,3,0
global.js,112,js,0d32c58f,smssyquia,2026-04-22,20:36:26,-07:00,2026-04-22T20:36:26-07:00,2,0
global.js,113,js,0d32c58f,smssyquia,2026-04-22,20:36:26,-07:00,2026-04-22T20:36:26-07:00,0,0
global.js,114,js,0d32c58f,smssyquia,2026-04-22,20:36:26,-07:00,2026-04-22T20:36:26-07:00,2,27
global.js,115,js,0d32c58f,smssyquia,2026-04-22,20:36:26,-07:00,2026-04-22T20:36:26-07:00,1,15
global.js,116,js,0d32c58f,smssyquia,2026-04-22,20:36:26,-07:00,2026-04-22T20:36:26-07:00,2,71
global.js,117,js,0d32c58f,smssyquia,2026-04-22,20:36:26,-07:00,2026-04-22T20:36:26-07:00,2,10
global.js,118,js,0d32c58f,smssyquia,2026-04-22,20:36:26,-07:00,2026-04-22T20:36:26-07:00,1,0
global.js,119,js,0d32c58f,smssyquia,2026-04-22,20:36:26,-07:00,2026-04-22T20:36:26-07:00,0,0
global.js,120,js,0d32c58f,smssyquia,2026-04-22,20:36:26,-07:00,2026-04-22T20:36:26-07:00,0,0
global.js,121,js,0d32c58f,smssyquia,2026-04-22,20:36:26,-07:00,2026-04-22T20:36:26-07:00,0,79
global.js,122,js,0d32c58f,smssyquia,2026-04-22,20:36:26,-07:00,2026-04-22T20:36:26-07:00,1,22
global.js,123,js,0d32c58f,smssyquia,2026-04-22,20:36:26,-07:00,2026-04-22T20:36:26-07:00,2,64
global.js,124,js,0d32c58f,smssyquia,2026-04-22,20:36:26,-07:00,2026-04-22T20:36:26-07:00,2,5
global.js,125,js,0d32c58f,smssyquia,2026-04-22,20:36:26,-07:00,2026-04-22T20:36:26-07:00,1,0
global.js,126,js,0d32c58f,smssyquia,2026-04-22,20:36:26,-07:00,2026-04-22T20:36:26-07:00,0,0
global.js,127,js,0d32c58f,smssyquia,2026-04-22,20:36:26,-07:00,2026-04-22T20:36:26-07:00,1,75
global.js,128,js,0d32c58f,smssyquia,2026-04-22,20:36:26,-07:00,2026-04-22T20:36:26-07:00,1,30
global.js,129,js,0d32c58f,smssyquia,2026-04-22,20:36:26,-07:00,2026-04-22T20:36:26-07:00,0,0
global.js,130,js,0d32c58f,smssyquia,2026-04-22,20:36:26,-07:00,2026-04-22T20:36:26-07:00,1,54
global.js,131,js,0d32c58f,smssyquia,2026-04-22,20:36:26,-07:00,2026-04-22T20:36:26-07:00,2,69
global.js,132,js,0d32c58f,smssyquia,2026-04-22,20:36:26,-07:00,2026-04-22T20:36:26-07:00,2,5
global.js,133,js,0d32c58f,smssyquia,2026-04-22,20:36:26,-07:00,2026-04-22T20:36:26-07:00,1,0
global.js,134,js,0d32c58f,smssyquia,2026-04-22,20:36:26,-07:00,2026-04-22T20:36:26-07:00,0,0
global.js,135,js,0d32c58f,smssyquia,2026-04-22,20:36:26,-07:00,2026-04-22T20:36:26-07:00,1,31
global.js,136,js,0d32c58f,smssyquia,2026-04-22,20:36:26,-07:00,2026-04-22T20:36:26-07:00,2,48
global.js,137,js,0d32c58f,smssyquia,2026-04-22,20:36:26,-07:00,2026-04-22T20:36:26-07:00,0,0
global.js,138,js,0d32c58f,smssyquia,2026-04-22,20:36:26,-07:00,2026-04-22T20:36:26-07:00,2,55
global.js,139,js,0d32c58f,smssyquia,2026-04-22,20:36:26,-07:00,2026-04-22T20:36:26-07:00,2,56
global.js,140,js,0d32c58f,smssyquia,2026-04-22,20:36:26,-07:00,2026-04-22T20:36:26-07:00,0,0
global.js,141,js,0d32c58f,smssyquia,2026-04-22,20:36:26,-07:00,2026-04-22T20:36:26-07:00,2,42
global.js,142,js,0d32c58f,smssyquia,2026-04-22,20:36:26,-07:00,2026-04-22T20:36:26-07:00,2,18
global.js,143,js,0d32c58f,smssyquia,2026-04-22,20:36:26,-07:00,2026-04-22T20:36:26-07:00,3,64
global.js,144,js,0d32c58f,smssyquia,2026-04-22,20:36:26,-07:00,2026-04-22T20:36:26-07:00,3,14
global.js,145,js,0d32c58f,smssyquia,2026-04-22,20:36:26,-07:00,2026-04-22T20:36:26-07:00,2,5
global.js,146,js,0d32c58f,smssyquia,2026-04-22,20:36:26,-07:00,2026-04-22T20:36:26-07:00,2,58
global.js,147,js,0d32c58f,smssyquia,2026-04-22,20:36:26,-07:00,2026-04-22T20:36:26-07:00,0,0
global.js,148,js,d80b10e2,smssyquia,2026-04-30,17:48:17,-07:00,2026-04-30T17:48:17-07:00,2,44
global.js,149,js,d80b10e2,smssyquia,2026-04-30,17:48:17,-07:00,2026-04-30T17:48:17-07:00,2,36
global.js,150,js,d80b10e2,smssyquia,2026-04-30,17:48:17,-07:00,2026-04-30T17:48:17-07:00,0,0
global.js,151,js,0d32c58f,smssyquia,2026-04-22,20:36:26,-07:00,2026-04-22T20:36:26-07:00,2,46
global.js,152,js,0d32c58f,smssyquia,2026-04-22,20:36:26,-07:00,2026-04-22T20:36:26-07:00,2,17
global.js,153,js,0d32c58f,smssyquia,2026-04-22,20:36:26,-07:00,2026-04-22T20:36:26-07:00,3,73
global.js,154,js,0d32c58f,smssyquia,2026-04-22,20:36:26,-07:00,2026-04-22T20:36:26-07:00,2,0
global.js,155,js,0d32c58f,smssyquia,2026-04-22,20:36:26,-07:00,2026-04-22T20:36:26-07:00,0,0
global.js,156,js,d80b10e2,smssyquia,2026-04-30,17:48:17,-07:00,2026-04-30T17:48:17-07:00,2,39
global.js,157,js,d80b10e2,smssyquia,2026-04-30,17:48:17,-07:00,2026-04-30T17:48:17-07:00,2,30
global.js,158,js,d80b10e2,smssyquia,2026-04-30,17:48:17,-07:00,2026-04-30T17:48:17-07:00,2,73
global.js,159,js,d80b10e2,smssyquia,2026-04-30,17:48:17,-07:00,2026-04-30T17:48:17-07:00,0,0
global.js,160,js,d80b10e2,smssyquia,2026-04-30,17:48:17,-07:00,2026-04-30T17:48:17-07:00,2,32
global.js,161,js,d80b10e2,smssyquia,2026-04-30,17:48:17,-07:00,2026-04-30T17:48:17-07:00,2,38
global.js,162,js,0d32c58f,smssyquia,2026-04-22,20:36:26,-07:00,2026-04-22T20:36:26-07:00,2,31
global.js,163,js,0d32c58f,smssyquia,2026-04-22,20:36:26,-07:00,2026-04-22T20:36:26-07:00,1,0
global.js,164,js,0d32c58f,smssyquia,2026-04-22,20:36:26,-07:00,2026-04-22T20:36:26-07:00,0,0
global.js,165,js,0d32c58f,smssyquia,2026-04-22,20:36:26,-07:00,2026-04-22T20:36:26-07:00,0,0
global.js,166,js,0d32c58f,smssyquia,2026-04-22,20:36:26,-07:00,2026-04-22T20:36:26-07:00,0,47
global.js,167,js,0d32c58f,smssyquia,2026-04-22,20:36:26,-07:00,2026-04-22T20:36:26-07:00,1,59
global.js,168,js,0d32c58f,smssyquia,2026-04-22,20:36:26,-07:00,2026-04-22T20:36:26-07:00,0,0
resume/index.html,1,html,8531796c,smssyquia,2026-04-03,15:39:05,-07:00,2026-04-03T15:39:05-07:00,0,13
resume/index.html,2,html,8531796c,smssyquia,2026-04-03,15:39:05,-07:00,2026-04-03T15:39:05-07:00,0,14
resume/index.html,3,html,8531796c,smssyquia,2026-04-03,15:39:05,-07:00,2026-04-03T15:39:05-07:00,0,4
resume/index.html,4,html,8531796c,smssyquia,2026-04-03,15:39:05,-07:00,2026-04-03T15:39:05-07:00,1,22
resume/index.html,5,html,8531796c,smssyquia,2026-04-03,15:39:05,-07:00,2026-04-03T15:39:05-07:00,1,70
resume/index.html,6,html,8531796c,smssyquia,2026-04-03,15:39:05,-07:00,2026-04-03T15:39:05-07:00,1,19
resume/index.html,7,html,8531796c,smssyquia,2026-04-03,15:39:05,-07:00,2026-04-03T15:39:05-07:00,1,43
resume/index.html,8,html,04b33599,smssyquia,2026-04-15,13:00:06,-07:00,2026-04-15T13:00:06-07:00,1,48
resume/index.html,9,html,8531796c,smssyquia,2026-04-03,15:39:05,-07:00,2026-04-03T15:39:05-07:00,0,5
resume/index.html,10,html,8531796c,smssyquia,2026-04-03,15:39:05,-07:00,2026-04-03T15:39:05-07:00,0,4
resume/index.html,11,html,59c889b7,smssyquia,2026-04-07,11:11:09,-07:00,2026-04-07T11:11:09-07:00,1,24
resume/index.html,12,html,8531796c,smssyquia,2026-04-03,15:39:05,-07:00,2026-04-03T15:39:05-07:00,2,13
resume/index.html,13,html,8531796c,smssyquia,2026-04-03,15:39:05,-07:00,2026-04-03T15:39:05-07:00,0,0
resume/index.html,14,html,59c889b7,smssyquia,2026-04-07,11:11:09,-07:00,2026-04-07T11:11:09-07:00,2,7
resume/index.html,15,html,59c889b7,smssyquia,2026-04-07,11:11:09,-07:00,2026-04-07T11:11:09-07:00,3,16
resume/index.html,16,html,59c889b7,smssyquia,2026-04-07,11:11:09,-07:00,2026-04-07T11:11:09-07:00,3,7
resume/index.html,17,html,59c889b7,smssyquia,2026-04-07,11:11:09,-07:00,2026-04-07T11:11:09-07:00,4,6
resume/index.html,18,html,59c889b7,smssyquia,2026-04-07,11:11:09,-07:00,2026-04-07T11:11:09-07:00,5,19
resume/index.html,19,html,59c889b7,smssyquia,2026-04-07,11:11:09,-07:00,2026-04-07T11:11:09-07:00,5,40
resume/index.html,20,html,59c889b7,smssyquia,2026-04-07,11:11:09,-07:00,2026-04-07T11:11:09-07:00,4,7
resume/index.html,21,html,59c889b7,smssyquia,2026-04-07,11:11:09,-07:00,2026-04-07T11:11:09-07:00,4,2
resume/index.html,22,html,59c889b7,smssyquia,2026-04-07,11:11:09,-07:00,2026-04-07T11:11:09-07:00,5,100
resume/index.html,23,html,59c889b7,smssyquia,2026-04-07,11:11:09,-07:00,2026-04-07T11:11:09-07:00,4,3
resume/index.html,24,html,59c889b7,smssyquia,2026-04-07,11:11:09,-07:00,2026-04-07T11:11:09-07:00,3,8
resume/index.html,25,html,59c889b7,smssyquia,2026-04-07,11:11:09,-07:00,2026-04-07T11:11:09-07:00,2,8
resume/index.html,26,html,59c889b7,smssyquia,2026-04-07,11:11:09,-07:00,2026-04-07T11:11:09-07:00,0,0
resume/index.html,27,html,8531796c,smssyquia,2026-04-03,15:39:05,-07:00,2026-04-03T15:39:05-07:00,2,7
resume/index.html,28,html,8531796c,smssyquia,2026-04-03,15:39:05,-07:00,2026-04-03T15:39:05-07:00,3,17
resume/index.html,29,html,8531796c,smssyquia,2026-04-03,15:39:05,-07:00,2026-04-03T15:39:05-07:00,0,0
resume/index.html,30,html,8531796c,smssyquia,2026-04-03,15:39:05,-07:00,2026-04-03T15:39:05-07:00,3,7
resume/index.html,31,html,8531796c,smssyquia,2026-04-03,15:39:05,-07:00,2026-04-03T15:39:05-07:00,4,6
resume/index.html,32,html,8531796c,smssyquia,2026-04-03,15:39:05,-07:00,2026-04-03T15:39:05-07:00,5,38
resume/index.html,33,html,8531796c,smssyquia,2026-04-03,15:39:05,-07:00,2026-04-03T15:39:05-07:00,5,1
resume/index.html,34,html,8531796c,smssyquia,2026-04-03,15:39:05,-07:00,2026-04-03T15:39:05-07:00,6,57
resume/index.html,35,html,8531796c,smssyquia,2026-04-03,15:39:05,-07:00,2026-04-03T15:39:05-07:00,6,38
resume/index.html,36,html,8531796c,smssyquia,2026-04-03,15:39:05,-07:00,2026-04-03T15:39:05-07:00,5,2
resume/index.html,37,html,8531796c,smssyquia,2026-04-03,15:39:05,-07:00,2026-04-03T15:39:05-07:00,4,7
resume/index.html,38,html,8531796c,smssyquia,2026-04-03,15:39:05,-07:00,2026-04-03T15:39:05-07:00,4,2
resume/index.html,39,html,8531796c,smssyquia,2026-04-03,15:39:05,-07:00,2026-04-03T15:39:05-07:00,5,69
resume/index.html,40,html,8531796c,smssyquia,2026-04-03,15:39:05,-07:00,2026-04-03T15:39:05-07:00,5,82
resume/index.html,41,html,8531796c,smssyquia,2026-04-03,15:39:05,-07:00,2026-04-03T15:39:05-07:00,5,80
resume/index.html,42,html,8531796c,smssyquia,2026-04-03,15:39:05,-07:00,2026-04-03T15:39:05-07:00,4,3
resume/index.html,43,html,8531796c,smssyquia,2026-04-03,15:39:05,-07:00,2026-04-03T15:39:05-07:00,3,8
resume/index.html,44,html,8531796c,smssyquia,2026-04-03,15:39:05,-07:00,2026-04-03T15:39:05-07:00,0,0
resume/index.html,45,html,8531796c,smssyquia,2026-04-03,15:39:05,-07:00,2026-04-03T15:39:05-07:00,3,7
resume/index.html,46,html,8531796c,smssyquia,2026-04-03,15:39:05,-07:00,2026-04-03T15:39:05-07:00,4,6
resume/index.html,47,html,8531796c,smssyquia,2026-04-03,15:39:05,-07:00,2026-04-03T15:39:05-07:00,5,44
resume/index.html,48,html,8531796c,smssyquia,2026-04-03,15:39:05,-07:00,2026-04-03T15:39:05-07:00,5,1
resume/index.html,49,html,8531796c,smssyquia,2026-04-03,15:39:05,-07:00,2026-04-03T15:39:05-07:00,6,55
resume/index.html,50,html,8531796c,smssyquia,2026-04-03,15:39:05,-07:00,2026-04-03T15:39:05-07:00,6,38
resume/index.html,51,html,8531796c,smssyquia,2026-04-03,15:39:05,-07:00,2026-04-03T15:39:05-07:00,5,2
resume/index.html,52,html,8531796c,smssyquia,2026-04-03,15:39:05,-07:00,2026-04-03T15:39:05-07:00,4,7
resume/index.html,53,html,8531796c,smssyquia,2026-04-03,15:39:05,-07:00,2026-04-03T15:39:05-07:00,4,2
resume/index.html,54,html,8531796c,smssyquia,2026-04-03,15:39:05,-07:00,2026-04-03T15:39:05-07:00,5,70
resume/index.html,55,html,8531796c,smssyquia,2026-04-03,15:39:05,-07:00,2026-04-03T15:39:05-07:00,5,66
resume/index.html,56,html,8531796c,smssyquia,2026-04-03,15:39:05,-07:00,2026-04-03T15:39:05-07:00,5,74
resume/index.html,57,html,8531796c,smssyquia,2026-04-03,15:39:05,-07:00,2026-04-03T15:39:05-07:00,4,3
resume/index.html,58,html,8531796c,smssyquia,2026-04-03,15:39:05,-07:00,2026-04-03T15:39:05-07:00,3,8
resume/index.html,59,html,8531796c,smssyquia,2026-04-03,15:39:05,-07:00,2026-04-03T15:39:05-07:00,0,0
resume/index.html,60,html,8531796c,smssyquia,2026-04-03,15:39:05,-07:00,2026-04-03T15:39:05-07:00,3,7
resume/index.html,61,html,8531796c,smssyquia,2026-04-03,15:39:05,-07:00,2026-04-03T15:39:05-07:00,4,6
resume/index.html,62,html,8531796c,smssyquia,2026-04-03,15:39:05,-07:00,2026-04-03T15:39:05-07:00,5,57
resume/index.html,63,html,8531796c,smssyquia,2026-04-03,15:39:05,-07:00,2026-04-03T15:39:05-07:00,5,1
resume/index.html,64,html,8531796c,smssyquia,2026-04-03,15:39:05,-07:00,2026-04-03T15:39:05-07:00,6,55
resume/index.html,65,html,8531796c,smssyquia,2026-04-03,15:39:05,-07:00,2026-04-03T15:39:05-07:00,6,38
resume/index.html,66,html,8531796c,smssyquia,2026-04-03,15:39:05,-07:00,2026-04-03T15:39:05-07:00,5,2
resume/index.html,67,html,8531796c,smssyquia,2026-04-03,15:39:05,-07:00,2026-04-03T15:39:05-07:00,4,7
resume/index.html,68,html,8531796c,smssyquia,2026-04-03,15:39:05,-07:00,2026-04-03T15:39:05-07:00,4,2
resume/index.html,69,html,8531796c,smssyquia,2026-04-03,15:39:05,-07:00,2026-04-03T15:39:05-07:00,5,80
resume/index.html,70,html,8531796c,smssyquia,2026-04-03,15:39:05,-07:00,2026-04-03T15:39:05-07:00,5,64
resume/index.html,71,html,8531796c,smssyquia,2026-04-03,15:39:05,-07:00,2026-04-03T15:39:05-07:00,5,74
resume/index.html,72,html,8531796c,smssyquia,2026-04-03,15:39:05,-07:00,2026-04-03T15:39:05-07:00,4,3
resume/index.html,73,html,8531796c,smssyquia,2026-04-03,15:39:05,-07:00,2026-04-03T15:39:05-07:00,3,8
resume/index.html,74,html,8531796c,smssyquia,2026-04-03,15:39:05,-07:00,2026-04-03T15:39:05-07:00,0,0
resume/index.html,75,html,8531796c,smssyquia,2026-04-03,15:39:05,-07:00,2026-04-03T15:39:05-07:00,3,7
resume/index.html,76,html,8531796c,smssyquia,2026-04-03,15:39:05,-07:00,2026-04-03T15:39:05-07:00,4,6
resume/index.html,77,html,8531796c,smssyquia,2026-04-03,15:39:05,-07:00,2026-04-03T15:39:05-07:00,5,62
resume/index.html,78,html,8531796c,smssyquia,2026-04-03,15:39:05,-07:00,2026-04-03T15:39:05-07:00,5,1
resume/index.html,79,html,8531796c,smssyquia,2026-04-03,15:39:05,-07:00,2026-04-03T15:39:05-07:00,6,62
resume/index.html,80,html,8531796c,smssyquia,2026-04-03,15:39:05,-07:00,2026-04-03T15:39:05-07:00,6,38
resume/index.html,81,html,8531796c,smssyquia,2026-04-03,15:39:05,-07:00,2026-04-03T15:39:05-07:00,5,2
resume/index.html,82,html,8531796c,smssyquia,2026-04-03,15:39:05,-07:00,2026-04-03T15:39:05-07:00,4,7
resume/index.html,83,html,8531796c,smssyquia,2026-04-03,15:39:05,-07:00,2026-04-03T15:39:05-07:00,4,2
resume/index.html,84,html,8531796c,smssyquia,2026-04-03,15:39:05,-07:00,2026-04-03T15:39:05-07:00,5,74
resume/index.html,85,html,8531796c,smssyquia,2026-04-03,15:39:05,-07:00,2026-04-03T15:39:05-07:00,5,68
resume/index.html,86,html,8531796c,smssyquia,2026-04-03,15:39:05,-07:00,2026-04-03T15:39:05-07:00,5,68
resume/index.html,87,html,8531796c,smssyquia,2026-04-03,15:39:05,-07:00,2026-04-03T15:39:05-07:00,4,3
resume/index.html,88,html,8531796c,smssyquia,2026-04-03,15:39:05,-07:00,2026-04-03T15:39:05-07:00,3,8
resume/index.html,89,html,8531796c,smssyquia,2026-04-03,15:39:05,-07:00,2026-04-03T15:39:05-07:00,2,8
resume/index.html,90,html,8531796c,smssyquia,2026-04-03,15:39:05,-07:00,2026-04-03T15:39:05-07:00,0,0
resume/index.html,91,html,8531796c,smssyquia,2026-04-03,15:39:05,-07:00,2026-04-03T15:39:05-07:00,2,7
resume/index.html,92,html,8531796c,smssyquia,2026-04-03,15:39:05,-07:00,2026-04-03T15:39:05-07:00,3,17
resume/index.html,93,html,8531796c,smssyquia,2026-04-03,15:39:05,-07:00,2026-04-03T15:39:05-07:00,3,7
resume/index.html,94,html,8531796c,smssyquia,2026-04-03,15:39:05,-07:00,2026-04-03T15:39:05-07:00,4,6
resume/index.html,95,html,8531796c,smssyquia,2026-04-03,15:39:05,-07:00,2026-04-03T15:39:05-07:00,5,54
resume/index.html,96,html,8531796c,smssyquia,2026-04-03,15:39:05,-07:00,2026-04-03T15:39:05-07:00,5,1
resume/index.html,97,html,8531796c,smssyquia,2026-04-03,15:39:05,-07:00,2026-04-03T15:39:05-07:00,6,62
resume/index.html,98,html,8531796c,smssyquia,2026-04-03,15:39:05,-07:00,2026-04-03T15:39:05-07:00,6,38
resume/index.html,99,html,8531796c,smssyquia,2026-04-03,15:39:05,-07:00,2026-04-03T15:39:05-07:00,5,2
resume/index.html,100,html,8531796c,smssyquia,2026-04-03,15:39:05,-07:00,2026-04-03T15:39:05-07:00,4,7
resume/index.html,101,html,8531796c,smssyquia,2026-04-03,15:39:05,-07:00,2026-04-03T15:39:05-07:00,4,2
resume/index.html,102,html,8531796c,smssyquia,2026-04-03,15:39:05,-07:00,2026-04-03T15:39:05-07:00,5,71
resume/index.html,103,html,8531796c,smssyquia,2026-04-03,15:39:05,-07:00,2026-04-03T15:39:05-07:00,5,44
resume/index.html,104,html,8531796c,smssyquia,2026-04-03,15:39:05,-07:00,2026-04-03T15:39:05-07:00,5,68
resume/index.html,105,html,8531796c,smssyquia,2026-04-03,15:39:05,-07:00,2026-04-03T15:39:05-07:00,4,3
resume/index.html,106,html,8531796c,smssyquia,2026-04-03,15:39:05,-07:00,2026-04-03T15:39:05-07:00,3,8
resume/index.html,107,html,8531796c,smssyquia,2026-04-03,15:39:05,-07:00,2026-04-03T15:39:05-07:00,2,8
resume/index.html,108,html,8531796c,smssyquia,2026-04-03,15:39:05,-07:00,2026-04-03T15:39:05-07:00,0,0
resume/index.html,109,html,8531796c,smssyquia,2026-04-03,15:39:05,-07:00,2026-04-03T15:39:05-07:00,2,7
resume/index.html,110,html,8531796c,smssyquia,2026-04-03,15:39:05,-07:00,2026-04-03T15:39:05-07:00,3,26
resume/index.html,111,html,59c889b7,smssyquia,2026-04-07,11:11:09,-07:00,2026-04-07T11:11:09-07:00,3,7
resume/index.html,112,html,59c889b7,smssyquia,2026-04-07,11:11:09,-07:00,2026-04-07T11:11:09-07:00,4,2
resume/index.html,113,html,59c889b7,smssyquia,2026-04-07,11:11:09,-07:00,2026-04-07T11:11:09-07:00,5,120
resume/index.html,114,html,59c889b7,smssyquia,2026-04-07,11:11:09,-07:00,2026-04-07T11:11:09-07:00,5,108
resume/index.html,115,html,59c889b7,smssyquia,2026-04-07,11:11:09,-07:00,2026-04-07T11:11:09-07:00,5,154
resume/index.html,116,html,59c889b7,smssyquia,2026-04-07,11:11:09,-07:00,2026-04-07T11:11:09-07:00,5,110
resume/index.html,117,html,59c889b7,smssyquia,2026-04-07,11:11:09,-07:00,2026-04-07T11:11:09-07:00,5,163
resume/index.html,118,html,59c889b7,smssyquia,2026-04-07,11:11:09,-07:00,2026-04-07T11:11:09-07:00,5,161
resume/index.html,119,html,59c889b7,smssyquia,2026-04-07,11:11:09,-07:00,2026-04-07T11:11:09-07:00,5,154
resume/index.html,120,html,59c889b7,smssyquia,2026-04-07,11:11:09,-07:00,2026-04-07T11:11:09-07:00,4,3
resume/index.html,121,html,59c889b7,smssyquia,2026-04-07,11:11:09,-07:00,2026-04-07T11:11:09-07:00,3,8
resume/index.html,122,html,8531796c,smssyquia,2026-04-03,15:39:05,-07:00,2026-04-03T15:39:05-07:00,2,8
resume/index.html,123,html,8531796c,smssyquia,2026-04-03,15:39:05,-07:00,2026-04-03T15:39:05-07:00,0,0
resume/index.html,124,html,8531796c,smssyquia,2026-04-03,15:39:05,-07:00,2026-04-03T15:39:05-07:00,2,7
resume/index.html,125,html,8531796c,smssyquia,2026-04-03,15:39:05,-07:00,2026-04-03T15:39:05-07:00,3,13
resume/index.html,126,html,59c889b7,smssyquia,2026-04-07,11:11:09,-07:00,2026-04-07T11:11:09-07:00,3,7
resume/index.html,127,html,59c889b7,smssyquia,2026-04-07,11:11:09,-07:00,2026-04-07T11:11:09-07:00,4,2
resume/index.html,128,html,59c889b7,smssyquia,2026-04-07,11:11:09,-07:00,2026-04-07T11:11:09-07:00,5,72
resume/index.html,129,html,59c889b7,smssyquia,2026-04-07,11:11:09,-07:00,2026-04-07T11:11:09-07:00,5,66
resume/index.html,130,html,59c889b7,smssyquia,2026-04-07,11:11:09,-07:00,2026-04-07T11:11:09-07:00,5,50
resume/index.html,131,html,59c889b7,smssyquia,2026-04-07,11:11:09,-07:00,2026-04-07T11:11:09-07:00,4,3
resume/index.html,132,html,59c889b7,smssyquia,2026-04-07,11:11:09,-07:00,2026-04-07T11:11:09-07:00,3,8
resume/index.html,133,html,8531796c,smssyquia,2026-04-03,15:39:05,-07:00,2026-04-03T15:39:05-07:00,2,8
resume/index.html,134,html,8531796c,smssyquia,2026-04-03,15:39:05,-07:00,2026-04-03T15:39:05-07:00,1,5
resume/index.html,135,html,8531796c,smssyquia,2026-04-03,15:39:05,-07:00,2026-04-03T15:39:05-07:00,0,5
resume/index.html,136,html,8531796c,smssyquia,2026-04-03,15:39:05,-07:00,2026-04-03T15:39:05-07:00,0,5
projects/projects.js,1,js,0d32c58f,smssyquia,2026-04-22,20:36:26,-07:00,2026-04-22T20:36:26-07:00,0,55
projects/projects.js,2,js,d80b10e2,smssyquia,2026-04-30,17:48:17,-07:00,2026-04-30T17:48:17-07:00,0,63
projects/projects.js,3,js,0d32c58f,smssyquia,2026-04-22,20:36:26,-07:00,2026-04-22T20:36:26-07:00,0,0
projects/projects.js,4,js,d80b10e2,smssyquia,2026-04-30,17:48:17,-07:00,2026-04-30T17:48:17-07:00,0,16
projects/projects.js,5,js,d80b10e2,smssyquia,2026-04-30,17:48:17,-07:00,2026-04-30T17:48:17-07:00,0,13
projects/projects.js,6,js,d80b10e2,smssyquia,2026-04-30,17:48:17,-07:00,2026-04-30T17:48:17-07:00,0,22
projects/projects.js,7,js,d80b10e2,smssyquia,2026-04-30,17:48:17,-07:00,2026-04-30T17:48:17-07:00,0,0
projects/projects.js,8,js,d80b10e2,smssyquia,2026-04-30,17:48:17,-07:00,2026-04-30T17:48:17-07:00,0,60
projects/projects.js,9,js,d80b10e2,smssyquia,2026-04-30,17:48:17,-07:00,2026-04-30T17:48:17-07:00,0,62
projects/projects.js,10,js,d80b10e2,smssyquia,2026-04-30,17:48:17,-07:00,2026-04-30T17:48:17-07:00,0,55
projects/projects.js,11,js,d80b10e2,smssyquia,2026-04-30,17:48:17,-07:00,2026-04-30T17:48:17-07:00,0,42
projects/projects.js,12,js,d80b10e2,smssyquia,2026-04-30,17:48:17,-07:00,2026-04-30T17:48:17-07:00,0,34
projects/projects.js,13,js,d80b10e2,smssyquia,2026-04-30,17:48:17,-07:00,2026-04-30T17:48:17-07:00,0,49
projects/projects.js,14,js,d80b10e2,smssyquia,2026-04-30,17:48:17,-07:00,2026-04-30T17:48:17-07:00,0,0
projects/projects.js,15,js,d80b10e2,smssyquia,2026-04-30,17:48:17,-07:00,2026-04-30T17:48:17-07:00,0,30
projects/projects.js,16,js,d80b10e2,smssyquia,2026-04-30,17:48:17,-07:00,2026-04-30T17:48:17-07:00,1,49
projects/projects.js,17,js,d80b10e2,smssyquia,2026-04-30,17:48:17,-07:00,2026-04-30T17:48:17-07:00,0,0
projects/projects.js,18,js,d80b10e2,smssyquia,2026-04-30,17:48:17,-07:00,2026-04-30T17:48:17-07:00,1,21
projects/projects.js,19,js,d80b10e2,smssyquia,2026-04-30,17:48:17,-07:00,2026-04-30T17:48:17-07:00,2,14
projects/projects.js,20,js,d80b10e2,smssyquia,2026-04-30,17:48:17,-07:00,2026-04-30T17:48:17-07:00,1,0
projects/projects.js,21,js,d80b10e2,smssyquia,2026-04-30,17:48:17,-07:00,2026-04-30T17:48:17-07:00,0,0
projects/projects.js,22,js,d80b10e2,smssyquia,2026-04-30,17:48:17,-07:00,2026-04-30T17:48:17-07:00,1,35
projects/projects.js,23,js,d80b10e2,smssyquia,2026-04-30,17:48:17,-07:00,2026-04-30T17:48:17-07:00,2,61
projects/projects.js,24,js,d80b10e2,smssyquia,2026-04-30,17:48:17,-07:00,2026-04-30T17:48:17-07:00,2,38
projects/projects.js,25,js,d80b10e2,smssyquia,2026-04-30,17:48:17,-07:00,2026-04-30T17:48:17-07:00,1,1
projects/projects.js,26,js,d80b10e2,smssyquia,2026-04-30,17:48:17,-07:00,2026-04-30T17:48:17-07:00,0,0
projects/projects.js,27,js,d80b10e2,smssyquia,2026-04-30,17:48:17,-07:00,2026-04-30T17:48:17-07:00,0,0
projects/projects.js,28,js,d80b10e2,smssyquia,2026-04-30,17:48:17,-07:00,2026-04-30T17:48:17-07:00,0,29
projects/projects.js,29,js,d80b10e2,smssyquia,2026-04-30,17:48:17,-07:00,2026-04-30T17:48:17-07:00,1,45
projects/projects.js,30,js,0d32c58f,smssyquia,2026-04-22,20:36:26,-07:00,2026-04-22T20:36:26-07:00,0,0
projects/projects.js,31,js,d80b10e2,smssyquia,2026-04-30,17:48:17,-07:00,2026-04-30T17:48:17-07:00,1,18
projects/projects.js,32,js,d80b10e2,smssyquia,2026-04-30,17:48:17,-07:00,2026-04-30T17:48:17-07:00,2,22
projects/projects.js,33,js,d80b10e2,smssyquia,2026-04-30,17:48:17,-07:00,2026-04-30T17:48:17-07:00,1,0
projects/projects.js,34,js,d80b10e2,smssyquia,2026-04-30,17:48:17,-07:00,2026-04-30T17:48:17-07:00,0,0
projects/projects.js,35,js,d80b10e2,smssyquia,2026-04-30,17:48:17,-07:00,2026-04-30T17:48:17-07:00,1,29
projects/projects.js,36,js,d80b10e2,smssyquia,2026-04-30,17:48:17,-07:00,2026-04-30T17:48:17-07:00,2,49
projects/projects.js,37,js,d80b10e2,smssyquia,2026-04-30,17:48:17,-07:00,2026-04-30T17:48:17-07:00,1,0
projects/projects.js,38,js,d80b10e2,smssyquia,2026-04-30,17:48:17,-07:00,2026-04-30T17:48:17-07:00,0,0
projects/projects.js,39,js,d80b10e2,smssyquia,2026-04-30,17:48:17,-07:00,2026-04-30T17:48:17-07:00,0,0
projects/projects.js,40,js,d80b10e2,smssyquia,2026-04-30,17:48:17,-07:00,2026-04-30T17:48:17-07:00,0,44
projects/projects.js,41,js,0d32c58f,smssyquia,2026-04-22,20:36:26,-07:00,2026-04-22T20:36:26-07:00,1,18
projects/projects.js,42,js,d80b10e2,smssyquia,2026-04-30,17:48:17,-07:00,2026-04-30T17:48:17-07:00,2,56
projects/projects.js,43,js,d80b10e2,smssyquia,2026-04-30,17:48:17,-07:00,2026-04-30T17:48:17-07:00,1,0
projects/projects.js,44,js,d80b10e2,smssyquia,2026-04-30,17:48:17,-07:00,2026-04-30T17:48:17-07:00,0,0
projects/projects.js,45,js,d80b10e2,smssyquia,2026-04-30,17:48:17,-07:00,2026-04-30T17:48:17-07:00,0,0
projects/projects.js,46,js,d80b10e2,smssyquia,2026-04-30,17:48:17,-07:00,2026-04-30T17:48:17-07:00,0,33
projects/projects.js,47,js,d80b10e2,smssyquia,2026-04-30,17:48:17,-07:00,2026-04-30T17:48:17-07:00,1,1
projects/projects.js,48,js,d80b10e2,smssyquia,2026-04-30,17:48:17,-07:00,2026-04-30T17:48:17-07:00,2,16
projects/projects.js,49,js,d80b10e2,smssyquia,2026-04-30,17:48:17,-07:00,2026-04-30T17:48:17-07:00,2,73
projects/projects.js,50,js,d80b10e2,smssyquia,2026-04-30,17:48:17,-07:00,2026-04-30T17:48:17-07:00,0,0
projects/projects.js,51,js,d80b10e2,smssyquia,2026-04-30,17:48:17,-07:00,2026-04-30T17:48:17-07:00,1,4
projects/projects.js,52,js,d80b10e2,smssyquia,2026-04-30,17:48:17,-07:00,2026-04-30T17:48:17-07:00,2,14
projects/projects.js,53,js,d80b10e2,smssyquia,2026-04-30,17:48:17,-07:00,2026-04-30T17:48:17-07:00,2,19
projects/projects.js,54,js,d80b10e2,smssyquia,2026-04-30,17:48:17,-07:00,2026-04-30T17:48:17-07:00,3,64
projects/projects.js,55,js,d80b10e2,smssyquia,2026-04-30,17:48:17,-07:00,2026-04-30T17:48:17-07:00,2,0
projects/projects.js,56,js,d80b10e2,smssyquia,2026-04-30,17:48:17,-07:00,2026-04-30T17:48:17-07:00,0,0
projects/projects.js,57,js,d80b10e2,smssyquia,2026-04-30,17:48:17,-07:00,2026-04-30T17:48:17-07:00,0,0
projects/projects.js,58,js,d80b10e2,smssyquia,2026-04-30,17:48:17,-07:00,2026-04-30T17:48:17-07:00,0,38
projects/projects.js,59,js,d80b10e2,smssyquia,2026-04-30,17:48:17,-07:00,2026-04-30T17:48:17-07:00,1,28
projects/projects.js,60,js,d80b10e2,smssyquia,2026-04-30,17:48:17,-07:00,2026-04-30T17:48:17-07:00,2,12
projects/projects.js,61,js,d80b10e2,smssyquia,2026-04-30,17:48:17,-07:00,2026-04-30T17:48:17-07:00,2,14
projects/projects.js,62,js,d80b10e2,smssyquia,2026-04-30,17:48:17,-07:00,2026-04-30T17:48:17-07:00,2,20
projects/projects.js,63,js,d80b10e2,smssyquia,2026-04-30,17:48:17,-07:00,2026-04-30T17:48:17-07:00,1,0
projects/projects.js,64,js,d80b10e2,smssyquia,2026-04-30,17:48:17,-07:00,2026-04-30T17:48:17-07:00,0,0
projects/projects.js,65,js,d80b10e2,smssyquia,2026-04-30,17:48:17,-07:00,2026-04-30T17:48:17-07:00,1,21
projects/projects.js,66,js,d80b10e2,smssyquia,2026-04-30,17:48:17,-07:00,2026-04-30T17:48:17-07:00,2,54
projects/projects.js,67,js,d80b10e2,smssyquia,2026-04-30,17:48:17,-07:00,2026-04-30T17:48:17-07:00,2,46
projects/projects.js,68,js,d80b10e2,smssyquia,2026-04-30,17:48:17,-07:00,2026-04-30T17:48:17-07:00,0,0
projects/projects.js,69,js,d80b10e2,smssyquia,2026-04-30,17:48:17,-07:00,2026-04-30T17:48:17-07:00,1,59
projects/projects.js,70,js,d80b10e2,smssyquia,2026-04-30,17:48:17,-07:00,2026-04-30T17:48:17-07:00,1,52
projects/projects.js,71,js,d80b10e2,smssyquia,2026-04-30,17:48:17,-07:00,2026-04-30T17:48:17-07:00,1,35
projects/projects.js,72,js,d80b10e2,smssyquia,2026-04-30,17:48:17,-07:00,2026-04-30T17:48:17-07:00,0,0
projects/projects.js,73,js,d80b10e2,smssyquia,2026-04-30,17:48:17,-07:00,2026-04-30T17:48:17-07:00,1,29
projects/projects.js,74,js,d80b10e2,smssyquia,2026-04-30,17:48:17,-07:00,2026-04-30T17:48:17-07:00,1,30
projects/projects.js,75,js,d80b10e2,smssyquia,2026-04-30,17:48:17,-07:00,2026-04-30T17:48:17-07:00,0,0
projects/projects.js,76,js,d80b10e2,smssyquia,2026-04-30,17:48:17,-07:00,2026-04-30T17:48:17-07:00,1,22
projects/projects.js,77,js,d80b10e2,smssyquia,2026-04-30,17:48:17,-07:00,2026-04-30T17:48:17-07:00,2,73
projects/projects.js,78,js,d80b10e2,smssyquia,2026-04-30,17:48:17,-07:00,2026-04-30T17:48:17-07:00,2,5
projects/projects.js,79,js,0d32c58f,smssyquia,2026-04-22,20:36:26,-07:00,2026-04-22T20:36:26-07:00,1,0
projects/projects.js,80,js,d80b10e2,smssyquia,2026-04-30,17:48:17,-07:00,2026-04-30T17:48:17-07:00,0,0
projects/projects.js,81,js,d80b10e2,smssyquia,2026-04-30,17:48:17,-07:00,2026-04-30T17:48:17-07:00,1,1
projects/projects.js,82,js,d80b10e2,smssyquia,2026-04-30,17:48:17,-07:00,2026-04-30T17:48:17-07:00,2,16
projects/projects.js,83,js,d80b10e2,smssyquia,2026-04-30,17:48:17,-07:00,2026-04-30T17:48:17-07:00,2,12
projects/projects.js,84,js,d80b10e2,smssyquia,2026-04-30,17:48:17,-07:00,2026-04-30T17:48:17-07:00,2,11
projects/projects.js,85,js,d80b10e2,smssyquia,2026-04-30,17:48:17,-07:00,2026-04-30T17:48:17-07:00,2,22
projects/projects.js,86,js,d80b10e2,smssyquia,2026-04-30,17:48:17,-07:00,2026-04-30T17:48:17-07:00,2,36
projects/projects.js,87,js,d80b10e2,smssyquia,2026-04-30,17:48:17,-07:00,2026-04-30T17:48:17-07:00,2,50
projects/projects.js,88,js,d80b10e2,smssyquia,2026-04-30,17:48:17,-07:00,2026-04-30T17:48:17-07:00,2,22
projects/projects.js,89,js,d80b10e2,smssyquia,2026-04-30,17:48:17,-07:00,2026-04-30T17:48:17-07:00,3,65
projects/projects.js,90,js,d80b10e2,smssyquia,2026-04-30,17:48:17,-07:00,2026-04-30T17:48:17-07:00,3,22
projects/projects.js,91,js,d80b10e2,smssyquia,2026-04-30,17:48:17,-07:00,2026-04-30T17:48:17-07:00,2,1
projects/projects.js,92,js,d80b10e2,smssyquia,2026-04-30,17:48:17,-07:00,2026-04-30T17:48:17-07:00,0,0
projects/projects.js,93,js,d80b10e2,smssyquia,2026-04-30,17:48:17,-07:00,2026-04-30T17:48:17-07:00,1,4
projects/projects.js,94,js,d80b10e2,smssyquia,2026-04-30,17:48:17,-07:00,2026-04-30T17:48:17-07:00,2,14
projects/projects.js,95,js,d80b10e2,smssyquia,2026-04-30,17:48:17,-07:00,2026-04-30T17:48:17-07:00,2,9
projects/projects.js,96,js,d80b10e2,smssyquia,2026-04-30,17:48:17,-07:00,2026-04-30T17:48:17-07:00,2,9
projects/projects.js,97,js,d80b10e2,smssyquia,2026-04-30,17:48:17,-07:00,2026-04-30T17:48:17-07:00,2,50
projects/projects.js,98,js,d80b10e2,smssyquia,2026-04-30,17:48:17,-07:00,2026-04-30T17:48:17-07:00,2,27
projects/projects.js,99,js,d80b10e2,smssyquia,2026-04-30,17:48:17,-07:00,2026-04-30T17:48:17-07:00,2,75
projects/projects.js,100,js,d80b10e2,smssyquia,2026-04-30,17:48:17,-07:00,2026-04-30T17:48:17-07:00,2,22
projects/projects.js,101,js,d80b10e2,smssyquia,2026-04-30,17:48:17,-07:00,2026-04-30T17:48:17-07:00,3,55
projects/projects.js,102,js,d80b10e2,smssyquia,2026-04-30,17:48:17,-07:00,2026-04-30T17:48:17-07:00,3,22
projects/projects.js,103,js,d80b10e2,smssyquia,2026-04-30,17:48:17,-07:00,2026-04-30T17:48:17-07:00,2,1
projects/projects.js,104,js,d80b10e2,smssyquia,2026-04-30,17:48:17,-07:00,2026-04-30T17:48:17-07:00,0,0
projects/projects.js,105,js,d80b10e2,smssyquia,2026-04-30,17:48:17,-07:00,2026-04-30T17:48:17-07:00,1,23
projects/projects.js,106,js,d80b10e2,smssyquia,2026-04-30,17:48:17,-07:00,2026-04-30T17:48:17-07:00,0,0
projects/projects.js,107,js,d80b10e2,smssyquia,2026-04-30,17:48:17,-07:00,2026-04-30T17:48:17-07:00,0,0
projects/projects.js,108,js,d80b10e2,smssyquia,2026-04-30,17:48:17,-07:00,2026-04-30T17:48:17-07:00,0,32
projects/projects.js,109,js,d80b10e2,smssyquia,2026-04-30,17:48:17,-07:00,2026-04-30T17:48:17-07:00,1,45
projects/projects.js,110,js,d80b10e2,smssyquia,2026-04-30,17:48:17,-07:00,2026-04-30T17:48:17-07:00,1,43
projects/projects.js,111,js,d80b10e2,smssyquia,2026-04-30,17:48:17,-07:00,2026-04-30T17:48:17-07:00,0,0
projects/projects.js,112,js,d80b10e2,smssyquia,2026-04-30,17:48:17,-07:00,2026-04-30T17:48:17-07:00,1,55
projects/projects.js,113,js,d80b10e2,smssyquia,2026-04-30,17:48:17,-07:00,2026-04-30T17:48:17-07:00,1,34
projects/projects.js,114,js,251d966f,smssyquia,2026-04-30,18:52:48,-07:00,2026-04-30T18:52:48-07:00,1,31
projects/projects.js,115,js,d80b10e2,smssyquia,2026-04-30,17:48:17,-07:00,2026-04-30T17:48:17-07:00,0,0
projects/projects.js,116,js,d80b10e2,smssyquia,2026-04-30,17:48:17,-07:00,2026-04-30T17:48:17-07:00,0,0
projects/projects.js,117,js,d80b10e2,smssyquia,2026-04-30,17:48:17,-07:00,2026-04-30T17:48:17-07:00,0,3
projects/projects.js,118,js,d80b10e2,smssyquia,2026-04-30,17:48:17,-07:00,2026-04-30T17:48:17-07:00,1,49
projects/projects.js,119,js,d80b10e2,smssyquia,2026-04-30,17:48:17,-07:00,2026-04-30T17:48:17-07:00,1,22
projects/projects.js,120,js,d80b10e2,smssyquia,2026-04-30,17:48:17,-07:00,2026-04-30T17:48:17-07:00,0,0
projects/projects.js,121,js,d80b10e2,smssyquia,2026-04-30,17:48:17,-07:00,2026-04-30T17:48:17-07:00,1,49
projects/projects.js,122,js,d80b10e2,smssyquia,2026-04-30,17:48:17,-07:00,2026-04-30T17:48:17-07:00,2,25
projects/projects.js,123,js,d80b10e2,smssyquia,2026-04-30,17:48:17,-07:00,2026-04-30T17:48:17-07:00,2,22
projects/projects.js,124,js,d80b10e2,smssyquia,2026-04-30,17:48:17,-07:00,2026-04-30T17:48:17-07:00,1,1
projects/projects.js,125,js,0d32c58f,smssyquia,2026-04-22,20:36:26,-07:00,2026-04-22T20:36:26-07:00,0,15
projects/projects.js,126,js,0d32c58f,smssyquia,2026-04-22,20:36:26,-07:00,2026-04-22T20:36:26-07:00,1,57
projects/projects.js,127,js,0d32c58f,smssyquia,2026-04-22,20:36:26,-07:00,2026-04-22T20:36:26-07:00,0,0
projects/index.html,1,html,8531796c,smssyquia,2026-04-03,15:39:05,-07:00,2026-04-03T15:39:05-07:00,0,13
projects/index.html,2,html,8531796c,smssyquia,2026-04-03,15:39:05,-07:00,2026-04-03T15:39:05-07:00,0,14
projects/index.html,3,html,8531796c,smssyquia,2026-04-03,15:39:05,-07:00,2026-04-03T15:39:05-07:00,0,4
projects/index.html,4,html,8531796c,smssyquia,2026-04-03,15:39:05,-07:00,2026-04-03T15:39:05-07:00,1,22
projects/index.html,5,html,8531796c,smssyquia,2026-04-03,15:39:05,-07:00,2026-04-03T15:39:05-07:00,1,70
projects/index.html,6,html,8531796c,smssyquia,2026-04-03,15:39:05,-07:00,2026-04-03T15:39:05-07:00,1,37
projects/index.html,7,html,8531796c,smssyquia,2026-04-03,15:39:05,-07:00,2026-04-03T15:39:05-07:00,1,43
projects/index.html,8,html,04b33599,smssyquia,2026-04-15,13:00:06,-07:00,2026-04-15T13:00:06-07:00,1,48
projects/index.html,9,html,0d32c58f,smssyquia,2026-04-22,20:36:26,-07:00,2026-04-22T20:36:26-07:00,1,53
projects/index.html,10,html,8531796c,smssyquia,2026-04-03,15:39:05,-07:00,2026-04-03T15:39:05-07:00,0,5
projects/index.html,11,html,8531796c,smssyquia,2026-04-03,15:39:05,-07:00,2026-04-03T15:39:05-07:00,0,4
projects/index.html,12,html,8531796c,smssyquia,2026-04-03,15:39:05,-07:00,2026-04-03T15:39:05-07:00,1,4
projects/index.html,13,html,0d32c58f,smssyquia,2026-04-22,20:36:26,-07:00,2026-04-22T20:36:26-07:00,2,25
projects/index.html,14,html,0d32c58f,smssyquia,2026-04-22,20:36:26,-07:00,2026-04-22T20:36:26-07:00,3,54
projects/index.html,15,html,0d32c58f,smssyquia,2026-04-22,20:36:26,-07:00,2026-04-22T20:36:26-07:00,2,3
projects/index.html,16,html,d80b10e2,smssyquia,2026-04-30,17:48:17,-07:00,2026-04-30T17:48:17-07:00,0,0
projects/index.html,17,html,d80b10e2,smssyquia,2026-04-30,17:48:17,-07:00,2026-04-30T17:48:17-07:00,2,68
projects/index.html,18,html,d80b10e2,smssyquia,2026-04-30,17:48:17,-07:00,2026-04-30T17:48:17-07:00,3,27
projects/index.html,19,html,d80b10e2,smssyquia,2026-04-30,17:48:17,-07:00,2026-04-30T17:48:17-07:00,4,112
projects/index.html,20,html,d80b10e2,smssyquia,2026-04-30,17:48:17,-07:00,2026-04-30T17:48:17-07:00,4,22
projects/index.html,21,html,d80b10e2,smssyquia,2026-04-30,17:48:17,-07:00,2026-04-30T17:48:17-07:00,3,4
projects/index.html,22,html,d80b10e2,smssyquia,2026-04-30,17:48:17,-07:00,2026-04-30T17:48:17-07:00,2,8
projects/index.html,23,html,d80b10e2,smssyquia,2026-04-30,17:48:17,-07:00,2026-04-30T17:48:17-07:00,0,0
projects/index.html,24,html,d80b10e2,smssyquia,2026-04-30,17:48:17,-07:00,2026-04-30T17:48:17-07:00,2,4
projects/index.html,25,html,d80b10e2,smssyquia,2026-04-30,17:48:17,-07:00,2026-04-30T17:48:17-07:00,3,15
projects/index.html,26,html,d80b10e2,smssyquia,2026-04-30,17:48:17,-07:00,2026-04-30T17:48:17-07:00,3,11
projects/index.html,27,html,d80b10e2,smssyquia,2026-04-30,17:48:17,-07:00,2026-04-30T17:48:17-07:00,3,26
projects/index.html,28,html,d80b10e2,smssyquia,2026-04-30,17:48:17,-07:00,2026-04-30T17:48:17-07:00,3,30
projects/index.html,29,html,d80b10e2,smssyquia,2026-04-30,17:48:17,-07:00,2026-04-30T17:48:17-07:00,2,0
projects/index.html,30,html,d80b10e2,smssyquia,2026-04-30,17:48:17,-07:00,2026-04-30T17:48:17-07:00,0,0
projects/index.html,31,html,59c889b7,smssyquia,2026-04-07,11:11:09,-07:00,2026-04-07T11:11:09-07:00,2,24
projects/index.html,32,html,0d32c58f,smssyquia,2026-04-22,20:36:26,-07:00,2026-04-22T20:36:26-07:00,3,71
projects/index.html,33,html,8531796c,smssyquia,2026-04-03,15:39:05,-07:00,2026-04-03T15:39:05-07:00,2,8
projects/index.html,34,html,8531796c,smssyquia,2026-04-03,15:39:05,-07:00,2026-04-03T15:39:05-07:00,1,5
projects/index.html,35,html,8531796c,smssyquia,2026-04-03,15:39:05,-07:00,2026-04-03T15:39:05-07:00,0,5
projects/index.html,36,html,8531796c,smssyquia,2026-04-03,15:39:05,-07:00,2026-04-03T15:39:05-07:00,0,5
contact/index.html,1,html,8531796c,smssyquia,2026-04-03,15:39:05,-07:00,2026-04-03T15:39:05-07:00,0,13
contact/index.html,2,html,8531796c,smssyquia,2026-04-03,15:39:05,-07:00,2026-04-03T15:39:05-07:00,0,14
contact/index.html,3,html,8531796c,smssyquia,2026-04-03,15:39:05,-07:00,2026-04-03T15:39:05-07:00,0,4
contact/index.html,4,html,8531796c,smssyquia,2026-04-03,15:39:05,-07:00,2026-04-03T15:39:05-07:00,1,22
contact/index.html,5,html,8531796c,smssyquia,2026-04-03,15:39:05,-07:00,2026-04-03T15:39:05-07:00,1,70
contact/index.html,6,html,8531796c,smssyquia,2026-04-03,15:39:05,-07:00,2026-04-03T15:39:05-07:00,1,36
contact/index.html,7,html,8531796c,smssyquia,2026-04-03,15:39:05,-07:00,2026-04-03T15:39:05-07:00,1,43
contact/index.html,8,html,04b33599,smssyquia,2026-04-15,13:00:06,-07:00,2026-04-15T13:00:06-07:00,1,48
contact/index.html,9,html,8531796c,smssyquia,2026-04-03,15:39:05,-07:00,2026-04-03T15:39:05-07:00,0,5
contact/index.html,10,html,8531796c,smssyquia,2026-04-03,15:39:05,-07:00,2026-04-03T15:39:05-07:00,0,4
contact/index.html,11,html,8531796c,smssyquia,2026-04-03,15:39:05,-07:00,2026-04-03T15:39:05-07:00,1,4
contact/index.html,12,html,8531796c,smssyquia,2026-04-03,15:39:05,-07:00,2026-04-03T15:39:05-07:00,2,14
contact/index.html,13,html,8531796c,smssyquia,2026-04-03,15:39:05,-07:00,2026-04-03T15:39:05-07:00,2,44
contact/index.html,14,html,8531796c,smssyquia,2026-04-03,15:39:05,-07:00,2026-04-03T15:39:05-07:00,0,0
contact/index.html,15,html,04b33599,smssyquia,2026-04-15,13:00:06,-07:00,2026-04-15T13:00:06-07:00,2,50
contact/index.html,16,html,8531796c,smssyquia,2026-04-03,15:39:05,-07:00,2026-04-03T15:39:05-07:00,3,5
contact/index.html,17,html,59c889b7,smssyquia,2026-04-07,11:11:09,-07:00,2026-04-07T11:11:09-07:00,4,21
contact/index.html,18,html,59c889b7,smssyquia,2026-04-07,11:11:09,-07:00,2026-04-07T11:11:09-07:00,4,93
contact/index.html,19,html,8531796c,smssyquia,2026-04-03,15:39:05,-07:00,2026-04-03T15:39:05-07:00,3,6
contact/index.html,20,html,8531796c,smssyquia,2026-04-03,15:39:05,-07:00,2026-04-03T15:39:05-07:00,0,0
contact/index.html,21,html,8531796c,smssyquia,2026-04-03,15:39:05,-07:00,2026-04-03T15:39:05-07:00,3,5
contact/index.html,22,html,59c889b7,smssyquia,2026-04-07,11:11:09,-07:00,2026-04-07T11:11:09-07:00,4,18
contact/index.html,23,html,59c889b7,smssyquia,2026-04-07,11:11:09,-07:00,2026-04-07T11:11:09-07:00,4,69
contact/index.html,24,html,8531796c,smssyquia,2026-04-03,15:39:05,-07:00,2026-04-03T15:39:05-07:00,3,6
contact/index.html,25,html,8531796c,smssyquia,2026-04-03,15:39:05,-07:00,2026-04-03T15:39:05-07:00,0,0
contact/index.html,26,html,8531796c,smssyquia,2026-04-03,15:39:05,-07:00,2026-04-03T15:39:05-07:00,3,5
contact/index.html,27,html,59c889b7,smssyquia,2026-04-07,11:11:09,-07:00,2026-04-07T11:11:09-07:00,4,18
contact/index.html,28,html,59c889b7,smssyquia,2026-04-07,11:11:09,-07:00,2026-04-07T11:11:09-07:00,4,120
contact/index.html,29,html,8531796c,smssyquia,2026-04-03,15:39:05,-07:00,2026-04-03T15:39:05-07:00,3,6
contact/index.html,30,html,8531796c,smssyquia,2026-04-03,15:39:05,-07:00,2026-04-03T15:39:05-07:00,0,0
contact/index.html,31,html,59c889b7,smssyquia,2026-04-07,11:11:09,-07:00,2026-04-07T11:11:09-07:00,3,33
contact/index.html,32,html,8531796c,smssyquia,2026-04-03,15:39:05,-07:00,2026-04-03T15:39:05-07:00,2,5
contact/index.html,33,html,8531796c,smssyquia,2026-04-03,15:39:05,-07:00,2026-04-03T15:39:05-07:00,1,5
contact/index.html,34,html,8531796c,smssyquia,2026-04-03,15:39:05,-07:00,2026-04-03T15:39:05-07:00,0,5
contact/index.html,35,html,8531796c,smssyquia,2026-04-03,15:39:05,-07:00,2026-04-03T15:39:05-07:00,0,5
